Project,Applicant Type,OSS Directory,Link,Githubs,Tags
üêç snekmate,PROJECT,Address & Github Found,https://content.optimism.io/rpgf3Application/v0/metadata/10/0x07bF3CDA34aA78d92949bbDce31520714AB5b228.json,"https://github.com/pcaversaccio/snekmate, https://github.com/curvefi/tricrypto-ng/blob/c9f17007eeda43af14abf10cf25b881f6862d78f/contracts/main/CurveCryptoMathOptimized3.vy#L637",
Luis Medeiros,PROJECT,Address & Github Found,https://content.optimism.io/rpgf3Application/v0/metadata/10/0x5fC34D03cFdf145Db5f3c5B5558e39a4164AAa30.json,https://github.com/protofire/blockchain-learning-path,
Defi-lab.xyz,PROJECT,Address & Github Found,https://content.optimism.io/rpgf3Application/v0/metadata/10/0x9fe6764778db6AD5c5ED86242485d1a868a8c52A.json,https://github.com/DefiLab-xyz,
grapebaba,PROJECT,Address & Github Found,https://content.optimism.io/rpgf3Application/v0/metadata/10/0x56EdF679B0C80D528E17c5Ffe514dc9a1b254b9c.json,https://github.com/optimism-java/hildr,
JiffyScan,PROJECT,Address & Github Found,https://content.optimism.io/rpgf3Application/v0/metadata/10/0x0d3bd71c76046Ab93E8D8e9BDa58879040cB13d0.json,https://github.com/jiffy-labs/jiffyscan-frontend,
Sonne Finance,PROJECT,Address & Github Found,https://content.optimism.io/rpgf3Application/v0/metadata/10/0x40Bd6e764DBc5C7268aaC775D8978881B16221F1.json,https://github.com/sonne-finance,
Protofire,PROJECT,Address & Github Found,https://content.optimism.io/rpgf3Application/v0/metadata/10/0x5fC34D03cFdf145Db5f3c5B5558e39a4164AAa30.json,https://github.com/protofire/blockchain-learning-path,
Faina,INDIVIDUAL,Address & Github Found,https://content.optimism.io/rpgf3Application/v0/metadata/10/0x7a48A728d9Fd2d5a55c545c4378E5bA909349E90.json,"https://github.com/truffle-box/optimism-box, https://github.com/truffle-box/optimism-bridge-box",
Vectorized,PROJECT,Address & Github Found,https://content.optimism.io/rpgf3Application/v0/metadata/10/0x1F5D295778796a8b9f29600A585Ab73D452AcB1c.json,https://github.com/Vectorized/solady,
PR0,PROJECT,Address & Github Found,https://content.optimism.io/rpgf3Application/v0/metadata/10/0x9D31e30003f253563Ff108BC60B16Fdf2c93abb5.json,https://github.com/ScryProtocol/,
Blocknative | Web3 Onboard,PROJECT,Address & Github Found,https://content.optimism.io/rpgf3Application/v0/metadata/10/0xf14613626f1287600d97cBf55AEDd924B62c2af6.json,"https://github.com/blocknative/web3-onboard, https://github.com/blocknative/web3-onboard/tree/develop/examples, https://github.com/blocknative/react-demo",
Coinpassport,PROJECT,Address & Github Found,https://content.optimism.io/rpgf3Application/v0/metadata/10/0xa48c718AE6dE6599c5A46Fd6caBff54Def39473a.json,https://github.com/coinpassport,
Snapshot,PROJECT,Address & Github Found,https://content.optimism.io/rpgf3Application/v0/metadata/10/0xf9551c66995eD3Ff9bb05C9Fd7ff148Bd75dc99a.json,"https://github.com/snapshot-labs, https://github.com/snapshot-labs/sx-evm",
ethers.js,PROJECT,Address & Github Found,https://content.optimism.io/rpgf3Application/v0/metadata/10/0x8ba1f109551bD432803012645Ac136ddd64DBA72.json,https://github.com/ethers-io/ethers.js,
rotki,PROJECT,Address & Github Found,https://content.optimism.io/rpgf3Application/v0/metadata/10/0x9531C059098e3d194fF87FebB587aB07B30B1306.json,"https://github.com/rotki/rotki, https://github.com/coinyon/buchfink, https://github.com/prettyirrelevant/decodify",
Infinity Wallet,PROJECT,Address Found,https://content.optimism.io/rpgf3Application/v0/metadata/10/0xb7D6937F3aa9E09817C045b7d5b5Fb5064370671.json,,
Pairwise,PROJECT,Address Found,https://content.optimism.io/rpgf3Application/v0/metadata/10/0x3EF1b0db4D10d2e3cE06699C0BD4EF0aAf897614.json,,
CryptoZombies,PROJECT,Address Found,https://content.optimism.io/rpgf3Application/v0/metadata/10/0xbb105E3c6D6406A3F0aAB98cD8D0E3a127bD6436.json,,
Rollup.codes,PROJECT,Address Found,https://content.optimism.io/rpgf3Application/v0/metadata/10/0x7d3F21bcb6C547737812A3213Ea105192f9e151f.json,,
Nacion Bankless,PROJECT,Address Found,https://content.optimism.io/rpgf3Application/v0/metadata/10/0xA8F0048A0d1A04663Ca5010d0bEaC5BCAEeA0eef.json,,
1W3,PROJECT,Address Found,https://content.optimism.io/rpgf3Application/v0/metadata/10/0x2AC6A3561a43f06d62602eF9728C2B9eEc393326.json,,
Clique,PROJECT,Address Found,https://content.optimism.io/rpgf3Application/v0/metadata/10/0x649c2DFCA22a41D30F0ddEFEA53C4D5f4797051a.json,,
sunce86,INDIVIDUAL,Github Found,https://content.optimism.io/rpgf3Application/v0/metadata/10/0xFA20426E6eE6072b0cC2049038c9E021d2010EB0.json,"https://github.com/openethereum/openethereum/pull/393, https://github.com/tomusdrw/rust-web3/pull/558, https://github.com/cowprotocol/services/graphs/contributors, https://github.com/ethereum/go-ethereum/releases/tag/v1.10.6",
Sourcify,PROJECT,Github Found,https://content.optimism.io/rpgf3Application/v0/metadata/10/0x92347362ACc955A6f3Dc7F9D34945AAaC944FFBF.json,"https://github.com/ethereum/sourcify, https://github.com/sourcifyeth",
Jessy's Hacker House,PROJECT,Github Found,https://content.optimism.io/rpgf3Application/v0/metadata/10/0xc7FE1135Ba71e03a7a6b9E1dDB8f653f143bdCF9.json,"https://github.com/primitivefinance/arbiter, https://github.com/cairoeth/arbx, https://github.com/laudiacay/barustenberg, https://github.com/SorellaLabs/ethers-reth, https://github.com/paradigmxyz/reth/issues/3428, https://github.com/bluealloy/revm, https://t.co/IesndP2MsK",
Agora,PROJECT,Github Found,https://content.optimism.io/rpgf3Application/v0/metadata/10/0xFdFC6E1BbEc01288447222fC8F1AEE55a7C72b7B.json,"https://github.com/voteagora/agora, https://github.com/voteagora/optimism-gov, https://github.com/voteagora/liquid-delegator, https://github.com/voteagora/agora/tree/op/rpgf/packages/backend/src/worker/rpgfApi",
ApeWorX LTD,PROJECT,Github Found,https://content.optimism.io/rpgf3Application/v0/metadata/10/0x1C277bD41A276F87D3E92bccD50c7364aa2FFc69.json,"https://github.com/ApeWorX/ape-optimism, https://github.com/ApeWorX/ape-base, https://github.com/ApeWorX/ape",
Marko,PROJECT,Github Found,https://content.optimism.io/rpgf3Application/v0/metadata/10/0x6D97d65aDfF6771b31671443a6b9512104312d3D.json,https://github.com/ethereum-optimism/ecosystem-contributions/issues/70,
Raiden,INDIVIDUAL,Github Found,https://content.optimism.io/rpgf3Application/v0/metadata/10/0xBdB14cfFC78B901299Dc878adD11273C621fF5B8.json,"https://github.com/wagmi-dev/abitype, https://github.com/wagmi-dev/viem, https://github.com/Raiden1411/LibStringUtils, https://github.com/Vectorized/solady",
beaconcha.in,PROJECT,Github Found,https://content.optimism.io/rpgf3Application/v0/metadata/10/0xd9ED89A0f4cfbC1be4b7b1aA744b5bd25ACA9979.json,https://github.com/gobitfly/eth2-beaconchain-explorer,
Revolte,PROJECT,Github Found,https://content.optimism.io/rpgf3Application/v0/metadata/10/0xAC4DDaf8FBfFba0f1e8c7619720335FD4f03EaCD.json,https://github.com/pgrandne/revolte,
Gravity DAO,PROJECT,Github Found,https://content.optimism.io/rpgf3Application/v0/metadata/10/0x8E3a92f82EA855020BA714e68541192B9bd6c5B1.json,https://github.com/ethereum-optimism/ecosystem-contributions/issues/2,
DeFI Saint,INDIVIDUAL,Github Found,https://content.optimism.io/rpgf3Application/v0/metadata/10/0xf52a30397151C77E732fA5DeFB9347359C52A141.json,https://thedefisaint.substack.com/archive?sort=new,
Impersonator,PROJECT,Github Found,https://content.optimism.io/rpgf3Application/v0/metadata/10/0x63A556c75443b176b5A4078e929e38bEb37a1ff2.json,"https://github.com/impersonator-eth/impersonator, https://github.com/impersonator-eth/impersonator-extension",
Clave (formerly Opclave),PROJECT,Github Found,https://content.optimism.io/rpgf3Application/v0/metadata/10/0xcCA02de5372cB0CaAc425543487789eEF5d17fB5.json,"https://github.com/itublockchain/opclave-scaling2023, https://github.com/ethereum/go-ethereum/pull/27540",
Zebra2,PROJECT,Github Found,https://content.optimism.io/rpgf3Application/v0/metadata/10/0x2238ac9055150e268662D2398c4B671d386Db0d7.json,https://github.com/ethereum-optimism/optimism,
Zebra,PROJECT,Github Found,https://content.optimism.io/rpgf3Application/v0/metadata/10/0x2238ac9055150e268662D2398c4B671d386Db0d7.json,https://github.com/ethereum-optimism/optimism,
artistryx.eth,PROJECT,Github Found,https://content.optimism.io/rpgf3Application/v0/metadata/10/0xeC220Edb5B28C091981a113462dc801adFC58095.json,https://www.artistrtx.org,
Jessy's Hacker house,PROJECT,Github Found,https://content.optimism.io/rpgf3Application/v0/metadata/10/0xc7FE1135Ba71e03a7a6b9E1dDB8f653f143bdCF9.json,"https://github.com/primitivefinance/arbiter, https://github.com/cairoeth/arbx, https://github.com/laudiacay/barustenberg, https://github.com/SorellaLabs/ethers-reth, https://github.com/paradigmxyz/reth/issues/3428, https://github.com/bluealloy/revm, https://t.co/IesndP2MsK",
CharmVerse,PROJECT,Github Found,https://content.optimism.io/rpgf3Application/v0/metadata/10/0x1cD919942a8EF3e867Fe9C0813BC4851090cF037.json,https://github.com/charmverse,
go-ethereum-hdwallet,PROJECT,Github Found,https://content.optimism.io/rpgf3Application/v0/metadata/10/0xfb74103029aB113E00Df470c42CAfEd4c8aBe86E.json,"https://github.com/miguelmota/go-ethereum-hdwallet, https://github.com/ethereum-optimism/go-ethereum-hdwallet",
EthStaker,PROJECT,Github Found,https://content.optimism.io/rpgf3Application/v0/metadata/10/0xD165df4296C85e780509fa1eace0150d945d49Fd.json,https://github.com/eth-educators/,
Khaleed67,PROJECT,Github Found,https://content.optimism.io/rpgf3Application/v0/metadata/10/0x97A8Eb04be6A16d3aC8A55b12Abc98668A4a0bCD.json,HTTPS://Khalid67,
Dima,INDIVIDUAL,Github Found,https://content.optimism.io/rpgf3Application/v0/metadata/10/0x570c048fc76473752c7830dE574444FCfC4CA8b3.json,https://github.com/ethereum-optimism/ecosystem-contributions,
Decentraclasses,PROJECT,Github Found,https://content.optimism.io/rpgf3Application/v0/metadata/10/0x72FdC25331Cd34579c5Dd8DbbABe0a38cdCcb97F.json,https://github.com/DecentraSchool/decentraclasses,
Ronan Sandford,INDIVIDUAL,Github Found,https://content.optimism.io/rpgf3Application/v0/metadata/10/0xF78cD306b23031dE9E739A5BcDE61764e82AD5eF.json,"https://github.com/wighawag/hardhat-deploy, https://github.com/wighawag/clones-with-immutable-args/",
Sassal.eth,INDIVIDUAL,Not Found,https://content.optimism.io/rpgf3Application/v0/metadata/10/0x648aA14e4424e0825A5cE739C8C68610e143FB79.json,https://github.com/ethhub-io/ethhub,
Alex Harley,INDIVIDUAL,Not Found,https://content.optimism.io/rpgf3Application/v0/metadata/10/0x4444d38c385d0969C64c4C8f996D7536d16c28B9.json,https://github.com/AlexBHarley/op-stack-hooks,
AndersonGalecki,INDIVIDUAL,Not Found,https://content.optimism.io/rpgf3Application/v0/metadata/10/0x0A8738a060987F61d2feA461b02ee074F3483651.json,https://github.com/andersongalecki?tab=repositories,
Buildooor,INDIVIDUAL,Not Found,https://content.optimism.io/rpgf3Application/v0/metadata/10/0xB60f585E23173c546E40231C3D55afd029009333.json,"https://github.com/buildooor/optimism-gas-tracker, https://github.com/buildooor/optimism-transaction-replay-tool, https://github.com/buildooor/github-attestation-action, https://github.com/buildooor/github-attestation-bot",
mariuszpk1,INDIVIDUAL,Not Found,https://content.optimism.io/rpgf3Application/v0/metadata/10/0x7533E4f6110E12b685801352049Fb3E5222D1cc8.json,https://github.com/mariusz-pk/mariusz-pk,
cakir,INDIVIDUAL,Not Found,https://content.optimism.io/rpgf3Application/v0/metadata/10/0x979651d89420431eD2Db5712ef93475c77167969.json,https://github.com/mstfo,
Perelyn,INDIVIDUAL,Not Found,https://content.optimism.io/rpgf3Application/v0/metadata/10/0xBD885c21185b09207A0cCC06F0498e7D47F1660D.json,https://github.com/Perelyn-sama/yul_by_example,
Aguila,INDIVIDUAL,Not Found,https://content.optimism.io/rpgf3Application/v0/metadata/10/0x74727b3843c498e41CC1A93c26c8F700B966aB9b.json,https://github.com/ifysucre/coding-sugar/fork,
Bony Airdrop,INDIVIDUAL,Not Found,https://content.optimism.io/rpgf3Application/v0/metadata/10/0xb9839Deed4862C1C0b5DD5C946ae87A81D7b4aE2.json,https://github.com/,
Synnott5,INDIVIDUAL,Not Found,https://content.optimism.io/rpgf3Application/v0/metadata/10/0xC255261650448b444E81432eAF76b160d8179765.json,https://github.com/Synnott5,
Utku √ñmer Kƒ±lƒ±√ß,INDIVIDUAL,Not Found,https://content.optimism.io/rpgf3Application/v0/metadata/10/0xb9D795B50542920618b2176d3675B6d8Be4d5838.json,https://github.com/,
bh2smith,INDIVIDUAL,Not Found,https://content.optimism.io/rpgf3Application/v0/metadata/10/0x8d99F8b2710e6A3B94d9bf465A98E5273069aCBd.json,"https://github.com/duneanalytics/dune-client, https://github.com/bh2smith/ts-dune-client, https://github.com/bh2smith/duners/, https://github.com/cowprotocol/dune-alerts, https://github.com/duneanalytics/spellbook, https://github.com/cowprotocol/dune-sync",
PatrickAlphaC,INDIVIDUAL,Not Found,https://content.optimism.io/rpgf3Application/v0/metadata/10/0x2Ee6EDf2F5f5C8550CBf99628AA26b71FC23039e.json,https://github.com/Cyfrin/foundry-full-course-f23,
Picodes,INDIVIDUAL,Not Found,https://content.optimism.io/rpgf3Application/v0/metadata/10/0x34Eb88EAD486A09CAcD8DaBe013682Dc5F1DC41D.json,https://github.com/Picodes/4naly3er,
supernova,INDIVIDUAL,Not Found,https://content.optimism.io/rpgf3Application/v0/metadata/10/0x1b37B1EC6B7faaCbB9AddCCA4043824F36Fb88D8.json,https://github.com/paradigmxyz/reth,
lvxh,INDIVIDUAL,Not Found,https://content.optimism.io/rpgf3Application/v0/metadata/10/0xd5feabe830A2bAcC848834CAc8D7f5Ff739D2699.json,https://github.com/Solidity-day-day-up,
Gajesh Naik,INDIVIDUAL,Not Found,https://content.optimism.io/rpgf3Application/v0/metadata/10/0xe2f6659e0209C3f79132AbDEB95abEBa0f1f672F.json,"https://github.com/Gajesh2007/contributions/blob/main/README.md#layerzero--stargate, https://github.com/Gajesh2007/OmniLido",
nove,INDIVIDUAL,Not Found,https://content.optimism.io/rpgf3Application/v0/metadata/10/0xcC1ec0B04fa0C602c23D4DeBbf91E6844af48b39.json,https://github.com/novepras/hutao1,
zoldyx,INDIVIDUAL,Not Found,https://content.optimism.io/rpgf3Application/v0/metadata/10/0xe0B536a468496F9E9590f62e3b97f4A085b30283.json,https://github.com/anotherplnt/optimism,
sonmmo,INDIVIDUAL,Not Found,https://content.optimism.io/rpgf3Application/v0/metadata/10/0xD0F02cb782fBa0F7DbCa1ECCfCB192b7cf007d91.json,https://github.com/caotre/blockspace-race/blob/main/light-node.md#submit-a-payforblob-transaction,
Abhinav,INDIVIDUAL,Not Found,https://content.optimism.io/rpgf3Application/v0/metadata/10/0x23583685Ff8d24cD53B9809D2686fB03746E069e.json,"https://github.com/abhinav-woodstock/awesome-optimism/blob/main/README.md, https://github.com/lucas-op/awesome-optimism/blob/main/README.md",
Taz,INDIVIDUAL,Not Found,https://content.optimism.io/rpgf3Application/v0/metadata/10/0xFab488A8Eb04c6c211CBFd15B1da021A9CC0Bd0c.json,https://github.com/stakewithus/notes,
draper,PROJECT,Not Found,https://content.optimism.io/rpgf3Application/v0/metadata/10/0xB7A31346433430D92846f0181C55Fc506B9b22d8.json,https://github.com/smoldapp,
Gaslite,PROJECT,Not Found,https://content.optimism.io/rpgf3Application/v0/metadata/10/0x3d4aaFbe86059d17C6263332c560f18C4F1Fec34.json,https://github.com/PopPunkLLC/GasliteDrop,
KeplerHomes,PROJECT,Not Found,https://content.optimism.io/rpgf3Application/v0/metadata/10/0x4A74232c96AEFa239DCee6da120Ec31dB56ff17E.json,https://github.com/kepler-homes/,
nic,PROJECT,Not Found,https://content.optimism.io/rpgf3Application/v0/metadata/10/0xD2A333009E5cEEF7EDfD6f82489005d1DC6ae9E8.json,"https://github.com/size-market/sybil-interface, https://github.com/size-market/gas-zip-backend",
Pr√≥spera Grant Program,PROJECT,Not Found,https://content.optimism.io/rpgf3Application/v0/metadata/10/0xCb94B70cf011c3Ee99357499d060345daD585C6d.json,https://github.com/mubcar?tab=repositories,
Arbiter,PROJECT,Not Found,https://content.optimism.io/rpgf3Application/v0/metadata/10/0xB3350C168Cc9B62bd099c1732830B6Bc09bF3343.json,"https://github.com/primitivefinance/arbiter, https://github.com/primitivefinance/DisputeGameSimulations, https://github.com/primitivefinance/portfolio_simulations/pull/36",
nic,PROJECT,Not Found,https://content.optimism.io/rpgf3Application/v0/metadata/10/0xD2A333009E5cEEF7EDfD6f82489005d1DC6ae9E8.json,"https://github.com/size-market/sybil-interface, https://github.com/size-market/gas-zip-backend",
OP Reth,PROJECT,Not Found,https://content.optimism.io/rpgf3Application/v0/metadata/10/0x3BEFcAE114bF14ce0F8E6E205759E9176B66d8D6.json,https://github.com/paradigmxyz/reth/pull/4377,
WhatsABI,PROJECT,Not Found,https://content.optimism.io/rpgf3Application/v0/metadata/10/0x5913c6862f3d6641cfDF16a974245f47E58d4BE2.json,https://github.com/shazow/whatsabi,
zenbit.eth,PROJECT,Not Found,https://content.optimism.io/rpgf3Application/v0/metadata/10/0x04cc6b487566B1C821bEa04d7ac0d23CEDe05cC9.json,https://github.com/orgs/zenbitETH/repositories,
BoomJ,PROJECT,Not Found,https://content.optimism.io/rpgf3Application/v0/metadata/10/0x002748dB885D4CCfe3C7C92143f0805F4eBEEC01.json,https://github.com/boomjeth,
Private Retrieval Fund,PROJECT,Not Found,https://content.optimism.io/rpgf3Application/v0/metadata/10/0xbd43CDeDaaF8CFCFeC0C6597edF748FE402F6F00.json,"https://github.com/protocol/research-grants/blob/master/RFPs/rfp-014-private-retrieval-of-data.md, https://github.com/willscott",
Onchain Magic,PROJECT,Not Found,https://content.optimism.io/rpgf3Application/v0/metadata/10/0xcfBf34d385EA2d5Eb947063b67eA226dcDA3DC38.json,https://github.com/SweetmanTech/pwa-privy,
Mike-Alphaday,PROJECT,Not Found,https://content.optimism.io/rpgf3Application/v0/metadata/10/0x4C67a8bA135012B7ab124A323E08448a673bb8Dc.json,https://github.com/AlphadayHQ,
AyaHQ,PROJECT,Not Found,https://content.optimism.io/rpgf3Application/v0/metadata/10/0xf203D6C796B99d0F2f861d1B838074822dd64D7c.json,https://github.com/Aya-labs,
Yoki Finance,PROJECT,Not Found,https://content.optimism.io/rpgf3Application/v0/metadata/10/0x3A5B12814b03C517FDAB62d8781c22f3406aeef4.json,https://github.com/yokifinance/yoki-dca-protocol-foundry/,
Frisson,PROJECT,Not Found,https://content.optimism.io/rpgf3Application/v0/metadata/10/0xb5B069370Ef24BC67F114e185D185063CE3479f8.json,https://github.com/withtally/rollcall,
Vku,PROJECT,Not Found,https://content.optimism.io/rpgf3Application/v0/metadata/10/0x153509e78Fd04144d482E27716aE14c52d7932B0.json,https://github.com/zemberek82,
katut,PROJECT,Not Found,https://content.optimism.io/rpgf3Application/v0/metadata/10/0x17fE5F37E24bD76272DA9364e4B2b7D186a562f7.json,https://github.com/juliokatut,
Yoki Finance,PROJECT,Not Found,https://content.optimism.io/rpgf3Application/v0/metadata/10/0x3A5B12814b03C517FDAB62d8781c22f3406aeef4.json,https://github.com/yokifinance/yoki-dca-protocol-foundry/,
Department of Decentralization,PROJECT,Not Found,https://content.optimism.io/rpgf3Application/v0/metadata/10/0x59cc3Fc56B8B2988F259EC1E6f3446907130f728.json,"https://github.com/eth-clients/goerli, https://github.com/eth-clients/holesky",
Forum,PROJECT,Not Found,https://content.optimism.io/rpgf3Application/v0/metadata/10/0xEeC7E4B2287e98B6ca30242e2D2D2F283a78Fc82.json,https://github.com/forumdaos/forum-contracts,
JustCause,PROJECT,Not Found,https://content.optimism.io/rpgf3Application/v0/metadata/10/0x78726673245fdb56425c8bd782f6FaA3E447625A.json,"https://github.com/smeee23/just_cause, https://github.com/smeee23/justcause_contracts",
Uhtred,INDIVIDUAL,,https://content.optimism.io/rpgf3Application/v0/metadata/10/0xfd555256bE7f02Ce04509fa5dEC7C66164C33C66.json,,COLLECTIVE_GOVERNANCE
Baustalla,INDIVIDUAL,,https://content.optimism.io/rpgf3Application/v0/metadata/10/0xe0278bc20A01494cCf0Dc51AEe9ad21b3Ff5Cd1a.json,,"COLLECTIVE_GOVERNANCE, OP_STACK"
Soulplusmind,INDIVIDUAL,,https://content.optimism.io/rpgf3Application/v0/metadata/10/0x5F33bB9707eb984C1044Eb84b04C4a024e8D7677.json,,END_USER_EXPERIENCE_AND_ADOPTION
ShivaSwap,INDIVIDUAL,,https://content.optimism.io/rpgf3Application/v0/metadata/10/0x8092b1C179A87eba3B4733d93158422db6A75f57.json,,"COLLECTIVE_GOVERNANCE, DEVELOPER_ECOSYSTEM, END_USER_EXPERIENCE_AND_ADOPTION, OP_STACK"
raho & tnorm,INDIVIDUAL,,https://content.optimism.io/rpgf3Application/v0/metadata/10/0x842bB1bb84CC8A3D6277b0ff9729d22D55E9C50B.json,,"COLLECTIVE_GOVERNANCE, END_USER_EXPERIENCE_AND_ADOPTION"
G,INDIVIDUAL,,https://content.optimism.io/rpgf3Application/v0/metadata/10/0x56656e5C76B5B552F5e89a82fc46912d95790480.json,,"COLLECTIVE_GOVERNANCE, DEVELOPER_ECOSYSTEM, END_USER_EXPERIENCE_AND_ADOPTION, OP_STACK"
MRFD,INDIVIDUAL,,https://content.optimism.io/rpgf3Application/v0/metadata/10/0x5Dcecb56dE00BE7803Fa199E9ad44F2dEd5D949a.json,,"COLLECTIVE_GOVERNANCE, DEVELOPER_ECOSYSTEM, END_USER_EXPERIENCE_AND_ADOPTION, OP_STACK"
Sbr777,INDIVIDUAL,,https://content.optimism.io/rpgf3Application/v0/metadata/10/0x67230d5d44430031a834090aCb16130DFd8bf2c3.json,,"END_USER_EXPERIENCE_AND_ADOPTION, OP_STACK"
hsynus,INDIVIDUAL,,https://content.optimism.io/rpgf3Application/v0/metadata/10/0x0ED0898B70D4e145321f477a88550Ed7C4313c5a.json,,"DEVELOPER_ECOSYSTEM, END_USER_EXPERIENCE_AND_ADOPTION"
Optimism Indonesia,INDIVIDUAL,,https://content.optimism.io/rpgf3Application/v0/metadata/10/0x0403c342E9F2d829864c95e51857A7187381F7DA.json,,"COLLECTIVE_GOVERNANCE, END_USER_EXPERIENCE_AND_ADOPTION"
deni80,INDIVIDUAL,,https://content.optimism.io/rpgf3Application/v0/metadata/10/0x73c6E20e8438CbcFed3A7bBB322e0B1af2B5bC27.json,,"COLLECTIVE_GOVERNANCE, DEVELOPER_ECOSYSTEM, END_USER_EXPERIENCE_AND_ADOPTION, OP_STACK"
Benedictus Aldo,INDIVIDUAL,,https://content.optimism.io/rpgf3Application/v0/metadata/10/0xa22Af02d999f33cc7d02726881D2ccD7Bd1b6383.json,,END_USER_EXPERIENCE_AND_ADOPTION
jockytran,INDIVIDUAL,,https://content.optimism.io/rpgf3Application/v0/metadata/10/0x12E37f963c000a807F8634aBEb7059541cDD19Ef.json,,COLLECTIVE_GOVERNANCE
LuongDuyBatNha,INDIVIDUAL,,https://content.optimism.io/rpgf3Application/v0/metadata/10/0x960371173BDb7963F881b13123999Bcc537e2BEB.json,,"COLLECTIVE_GOVERNANCE, END_USER_EXPERIENCE_AND_ADOPTION"
mixed,INDIVIDUAL,,https://content.optimism.io/rpgf3Application/v0/metadata/10/0xb0Aa6DF0B24a7b4EA679FD031cE753526d3Bdb23.json,,"DEVELOPER_ECOSYSTEM, END_USER_EXPERIENCE_AND_ADOPTION"
mrlawyer88,INDIVIDUAL,,https://content.optimism.io/rpgf3Application/v0/metadata/10/0xa47dCC127BD2487B01477D8e381dCEd5de5e5033.json,,"COLLECTIVE_GOVERNANCE, DEVELOPER_ECOSYSTEM, END_USER_EXPERIENCE_AND_ADOPTION, OP_STACK"
radja,INDIVIDUAL,,https://content.optimism.io/rpgf3Application/v0/metadata/10/0xfaED2693Bbfd56142ba43b02606A66701De0E41E.json,,END_USER_EXPERIENCE_AND_ADOPTION
artespraticas,INDIVIDUAL,,https://content.optimism.io/rpgf3Application/v0/metadata/10/0xF0854C4dC9d3f1EBD4f0e44eb91587F7fc5Bd518.json,,END_USER_EXPERIENCE_AND_ADOPTION
xide,INDIVIDUAL,,https://content.optimism.io/rpgf3Application/v0/metadata/10/0x8bD036Ec5Fce5341fdFd3A8c1F108a6820B55D92.json,,"COLLECTIVE_GOVERNANCE, END_USER_EXPERIENCE_AND_ADOPTION, OP_STACK"
viperbaba,INDIVIDUAL,,https://content.optimism.io/rpgf3Application/v0/metadata/10/0x2374646285D252abA3a25A06A38a7194BA4254ce.json,,"COLLECTIVE_GOVERNANCE, DEVELOPER_ECOSYSTEM, END_USER_EXPERIENCE_AND_ADOPTION, OP_STACK"
Peter Priew Sommon,INDIVIDUAL,,https://content.optimism.io/rpgf3Application/v0/metadata/10/0x1F27b0482ace1B82cf7A4f0c55dfc2A05dfCfD75.json,,END_USER_EXPERIENCE_AND_ADOPTION
Windy|‚àûü¶áüîäüõ°üê´,INDIVIDUAL,,https://content.optimism.io/rpgf3Application/v0/metadata/10/0xBb1C043cEb7745b286987b4cC8359c5B508F0307.json,,END_USER_EXPERIENCE_AND_ADOPTION
i.vovkotrub.eth,INDIVIDUAL,,https://content.optimism.io/rpgf3Application/v0/metadata/10/0xBb1B620196f8431da5D34F1773127A523359F307.json,,END_USER_EXPERIENCE_AND_ADOPTION
Apple,INDIVIDUAL,,https://content.optimism.io/rpgf3Application/v0/metadata/10/0x08DC8489c7CB11010210Ffe7acA543e2DB18DEaf.json,,"COLLECTIVE_GOVERNANCE, DEVELOPER_ECOSYSTEM, END_USER_EXPERIENCE_AND_ADOPTION, OP_STACK"
dudedodut,INDIVIDUAL,,https://content.optimism.io/rpgf3Application/v0/metadata/10/0xD2F5DBC276BC3d9D2E07F5dF4A599E2c5a158B47.json,,END_USER_EXPERIENCE_AND_ADOPTION
METE DAMLI,INDIVIDUAL,,https://content.optimism.io/rpgf3Application/v0/metadata/10/0x8fBFD3faBD443334B6f413b5931477d4DeBEAFa9.json,,"COLLECTIVE_GOVERNANCE, DEVELOPER_ECOSYSTEM, END_USER_EXPERIENCE_AND_ADOPTION, OP_STACK"
Patil,INDIVIDUAL,,https://content.optimism.io/rpgf3Application/v0/metadata/10/0x064299010cb690Cb1C370784cc67F8504f0479eE.json,,"COLLECTIVE_GOVERNANCE, DEVELOPER_ECOSYSTEM, END_USER_EXPERIENCE_AND_ADOPTION, OP_STACK"
glbkst,INDIVIDUAL,,https://content.optimism.io/rpgf3Application/v0/metadata/10/0x46642e15d77BbE0bDfcfbf348C38b06153D16049.json,,END_USER_EXPERIENCE_AND_ADOPTION
Jush,INDIVIDUAL,,https://content.optimism.io/rpgf3Application/v0/metadata/10/0x6CADb247fAd36CF94a9e261EF809FdEb390C8418.json,,"COLLECTIVE_GOVERNANCE, END_USER_EXPERIENCE_AND_ADOPTION"
Aakash,INDIVIDUAL,,https://content.optimism.io/rpgf3Application/v0/metadata/10/0xfcFFE7AeA3f70f7975cd64ace7717caa211a706f.json,,END_USER_EXPERIENCE_AND_ADOPTION
Paul0zon,INDIVIDUAL,,https://content.optimism.io/rpgf3Application/v0/metadata/10/0x2FFd669e12d0497e8457641AC27b386bD2A3C4e4.json,,COLLECTIVE_GOVERNANCE
Neko,INDIVIDUAL,,https://content.optimism.io/rpgf3Application/v0/metadata/10/0xFF43aa03358E3623F992B40363B064C3Cf878751.json,,OP_STACK
Muhammad Farhan,INDIVIDUAL,,https://content.optimism.io/rpgf3Application/v0/metadata/10/0xD06effe40d754DDea09F16B703E8126f2bD3982E.json,,END_USER_EXPERIENCE_AND_ADOPTION
Muhammad Imam Kurniawan,INDIVIDUAL,,https://content.optimism.io/rpgf3Application/v0/metadata/10/0xCd5367827fc644E00db7d48f29A785D622Dd9E83.json,,END_USER_EXPERIENCE_AND_ADOPTION
ShubzyBaker,INDIVIDUAL,,https://content.optimism.io/rpgf3Application/v0/metadata/10/0x02C435d8189D9a983CDBD77F2109fdd5663A33BB.json,,"COLLECTIVE_GOVERNANCE, END_USER_EXPERIENCE_AND_ADOPTION"
Artsybarber.eth,INDIVIDUAL,,https://content.optimism.io/rpgf3Application/v0/metadata/10/0xef4c8055bFa5b4476deFc1051850698463B9f8A1.json,,END_USER_EXPERIENCE_AND_ADOPTION
Billythecrypto,INDIVIDUAL,,https://content.optimism.io/rpgf3Application/v0/metadata/10/0x81F10d99464d604EA1E9242DC71733a506E95b4e.json,,"DEVELOPER_ECOSYSTEM, END_USER_EXPERIENCE_AND_ADOPTION"
Jarment32,INDIVIDUAL,,https://content.optimism.io/rpgf3Application/v0/metadata/10/0xb8d3B75EF1719A0D4f20224686F7e314Ccb3315C.json,,END_USER_EXPERIENCE_AND_ADOPTION
sunarto sihite,INDIVIDUAL,,https://content.optimism.io/rpgf3Application/v0/metadata/10/0xe968C0151F9855089140e03F2365B11b18e6a5d3.json,,"COLLECTIVE_GOVERNANCE, DEVELOPER_ECOSYSTEM, END_USER_EXPERIENCE_AND_ADOPTION, OP_STACK"
kurt,INDIVIDUAL,,https://content.optimism.io/rpgf3Application/v0/metadata/10/0xd4726114bEB61a0239d9C0CD935De170BddbbB7E.json,,END_USER_EXPERIENCE_AND_ADOPTION
windc,INDIVIDUAL,,https://content.optimism.io/rpgf3Application/v0/metadata/10/0x66Ba4988156aBEF92Aa6Ef2f0E66776b826c5eF8.json,,"COLLECTIVE_GOVERNANCE, DEVELOPER_ECOSYSTEM, END_USER_EXPERIENCE_AND_ADOPTION, OP_STACK"
mahachai,INDIVIDUAL,,https://content.optimism.io/rpgf3Application/v0/metadata/10/0x5E014aa0649102E07c074f498845F01BCD520317.json,,END_USER_EXPERIENCE_AND_ADOPTION
EzWada,INDIVIDUAL,,https://content.optimism.io/rpgf3Application/v0/metadata/10/0xE4369BE6dF50Aa406DB8212Ae00CF81917C848ea.json,,"COLLECTIVE_GOVERNANCE, END_USER_EXPERIENCE_AND_ADOPTION"
Abkkumo67,INDIVIDUAL,,https://content.optimism.io/rpgf3Application/v0/metadata/10/0xc509ae016D87DefBB6240807FE9f9BfC256EF3eA.json,,END_USER_EXPERIENCE_AND_ADOPTION
stevennendy,INDIVIDUAL,,https://content.optimism.io/rpgf3Application/v0/metadata/10/0x4e3be30D17F2373Cd9b42694C1675D0a14b1c08f.json,,"COLLECTIVE_GOVERNANCE, DEVELOPER_ECOSYSTEM, END_USER_EXPERIENCE_AND_ADOPTION, OP_STACK"
PoorMan,INDIVIDUAL,,https://content.optimism.io/rpgf3Application/v0/metadata/10/0xe94ECbe410Dc32E8753347ef7DaDF2103811cF74.json,,"COLLECTIVE_GOVERNANCE, DEVELOPER_ECOSYSTEM, END_USER_EXPERIENCE_AND_ADOPTION, OP_STACK"
Nam Mai Phuong,INDIVIDUAL,,https://content.optimism.io/rpgf3Application/v0/metadata/10/0x48F88d0e26704363eA72EEF6dCBF198E1F32d4D4.json,,"COLLECTIVE_GOVERNANCE, DEVELOPER_ECOSYSTEM, END_USER_EXPERIENCE_AND_ADOPTION, OP_STACK"
Duong Viet Phuc,INDIVIDUAL,,https://content.optimism.io/rpgf3Application/v0/metadata/10/0x5635388c4E0a2117fd1Fe9501Aa6E1FCeb31cca6.json,,"COLLECTIVE_GOVERNANCE, DEVELOPER_ECOSYSTEM, END_USER_EXPERIENCE_AND_ADOPTION, OP_STACK"
Linkie,INDIVIDUAL,,https://content.optimism.io/rpgf3Application/v0/metadata/10/0x85C6F217D0375E5dC7b249B5bC12577B051bf417.json,,"COLLECTIVE_GOVERNANCE, END_USER_EXPERIENCE_AND_ADOPTION"
Tor,INDIVIDUAL,,https://content.optimism.io/rpgf3Application/v0/metadata/10/0xa3f13c688d8E124c774fafE73920D47f457F8c8c.json,,COLLECTIVE_GOVERNANCE
Chef Tony,INDIVIDUAL,,https://content.optimism.io/rpgf3Application/v0/metadata/10/0x92bf7D200b62ea43CFE26BDAbc1779E2dC076D67.json,,END_USER_EXPERIENCE_AND_ADOPTION
romeji,INDIVIDUAL,,https://content.optimism.io/rpgf3Application/v0/metadata/10/0xF1D11d037344B14629fbCF094eA652ADe9f37A4a.json,,END_USER_EXPERIENCE_AND_ADOPTION
real_,INDIVIDUAL,,https://content.optimism.io/rpgf3Application/v0/metadata/10/0x12481822efb3c546AC945C17c8EC54a63Bc95B5C.json,,"COLLECTIVE_GOVERNANCE, END_USER_EXPERIENCE_AND_ADOPTION"
NonnoN,INDIVIDUAL,,https://content.optimism.io/rpgf3Application/v0/metadata/10/0x28ECb498b2f34Dd717AEE529de358005E88669e5.json,,COLLECTIVE_GOVERNANCE
ATK,INDIVIDUAL,,https://content.optimism.io/rpgf3Application/v0/metadata/10/0x80f8eFb44b3bbC088B3360266c29DAcEFf1a8C3F.json,,END_USER_EXPERIENCE_AND_ADOPTION
Akash,INDIVIDUAL,,https://content.optimism.io/rpgf3Application/v0/metadata/10/0xfC613263330499d7cB625b37eff0231765297d71.json,,END_USER_EXPERIENCE_AND_ADOPTION
Zor0001,INDIVIDUAL,,https://content.optimism.io/rpgf3Application/v0/metadata/10/0x98df92976Cfd2469c3Ce238b40Fb672266E08A9D.json,,"COLLECTIVE_GOVERNANCE, DEVELOPER_ECOSYSTEM, END_USER_EXPERIENCE_AND_ADOPTION, OP_STACK"
Nafsu,INDIVIDUAL,,https://content.optimism.io/rpgf3Application/v0/metadata/10/0x156DEC0C2C1F714c70Ad55258E92c681Dd68119E.json,,OP_STACK
FA40Ziv,INDIVIDUAL,,https://content.optimism.io/rpgf3Application/v0/metadata/10/0x5cACae1b51d643CD1bc976cCa9B5E05837a6Bb35.json,,END_USER_EXPERIENCE_AND_ADOPTION
TTF,INDIVIDUAL,,https://content.optimism.io/rpgf3Application/v0/metadata/10/0xd47315929C1A1757782453B776ada2cbEfacEFfB.json,,"COLLECTIVE_GOVERNANCE, OP_STACK"
ompong,INDIVIDUAL,,https://content.optimism.io/rpgf3Application/v0/metadata/10/0xc513fb4b979f1CeFC43682CA7aB4A19CEe1caCC2.json,,"COLLECTIVE_GOVERNANCE, END_USER_EXPERIENCE_AND_ADOPTION"
odonoghue1129,INDIVIDUAL,,https://content.optimism.io/rpgf3Application/v0/metadata/10/0x865422A83e3138EcE7cf6b7C792e4174079ad169.json,,"COLLECTIVE_GOVERNANCE, DEVELOPER_ECOSYSTEM, END_USER_EXPERIENCE_AND_ADOPTION, OP_STACK"
polynya,INDIVIDUAL,,https://content.optimism.io/rpgf3Application/v0/metadata/10/0x429F9aDA43e9F345CbB85EC88681BB70Df808892.json,,"COLLECTIVE_GOVERNANCE, END_USER_EXPERIENCE_AND_ADOPTION"
Buchidavid,INDIVIDUAL,,https://content.optimism.io/rpgf3Application/v0/metadata/10/0xD22ea86003c1Bd1cBDD887DDA1464b07A5718369.json,,"COLLECTIVE_GOVERNANCE, OP_STACK"
airdropstreet,INDIVIDUAL,,https://content.optimism.io/rpgf3Application/v0/metadata/10/0x2eEaD1E4a1964dc9204A2eE1C08096DA951Fa8FC.json,,"COLLECTIVE_GOVERNANCE, DEVELOPER_ECOSYSTEM, END_USER_EXPERIENCE_AND_ADOPTION, OP_STACK"
Cryptoreine,INDIVIDUAL,,https://content.optimism.io/rpgf3Application/v0/metadata/10/0x222988f898B6Eba86a7c0bf331bE672D49534834.json,,"COLLECTIVE_GOVERNANCE, DEVELOPER_ECOSYSTEM, END_USER_EXPERIENCE_AND_ADOPTION, OP_STACK"
Fortran,INDIVIDUAL,,https://content.optimism.io/rpgf3Application/v0/metadata/10/0x11Db6D0fe96667D6Ff46fEbB1226a7538D33B592.json,,"COLLECTIVE_GOVERNANCE, DEVELOPER_ECOSYSTEM, END_USER_EXPERIENCE_AND_ADOPTION, OP_STACK"
MAirdropFarmer,INDIVIDUAL,,https://content.optimism.io/rpgf3Application/v0/metadata/10/0x2E32E3c59a8259C7FfEB971F83237b0335245ad8.json,,END_USER_EXPERIENCE_AND_ADOPTION
terrarekt,INDIVIDUAL,,https://content.optimism.io/rpgf3Application/v0/metadata/10/0xb55Dc6944711218c9bEFb93D6Fc9C0bE91ecB6bE.json,,"COLLECTIVE_GOVERNANCE, DEVELOPER_ECOSYSTEM, END_USER_EXPERIENCE_AND_ADOPTION"
GH0x111,INDIVIDUAL,,https://content.optimism.io/rpgf3Application/v0/metadata/10/0x65DC3d4512B0F506Eb4d139c5140611D2A60D527.json,,END_USER_EXPERIENCE_AND_ADOPTION
saku,INDIVIDUAL,,https://content.optimism.io/rpgf3Application/v0/metadata/10/0x3C43AA8E525d0CA2fab672CD55F79dE777295e99.json,,"COLLECTIVE_GOVERNANCE, END_USER_EXPERIENCE_AND_ADOPTION"
viethm91,INDIVIDUAL,,https://content.optimism.io/rpgf3Application/v0/metadata/10/0xe437BC0fE994a491d01Ea651ed63C0892d85ce45.json,,COLLECTIVE_GOVERNANCE
coinman,INDIVIDUAL,,https://content.optimism.io/rpgf3Application/v0/metadata/10/0x7626fbA64DEB1683a364c32F30370215f05C1F09.json,,END_USER_EXPERIENCE_AND_ADOPTION
Muhammad Saqib,INDIVIDUAL,,https://content.optimism.io/rpgf3Application/v0/metadata/10/0x95e9ffc26Cb33FA701A56862cd6E2b4c96Cb444e.json,,"COLLECTIVE_GOVERNANCE, DEVELOPER_ECOSYSTEM, END_USER_EXPERIENCE_AND_ADOPTION, OP_STACK"
OP News by ETH Daily,INDIVIDUAL,,https://content.optimism.io/rpgf3Application/v0/metadata/10/0xEB40A065854bd90126A4E697aeA0976BA51b2eE7.json,,END_USER_EXPERIENCE_AND_ADOPTION
5758 MASTER,INDIVIDUAL,,https://content.optimism.io/rpgf3Application/v0/metadata/10/0x1827741B58403F031A9D65E3AA628f9E9564a5A6.json,,"COLLECTIVE_GOVERNANCE, DEVELOPER_ECOSYSTEM, END_USER_EXPERIENCE_AND_ADOPTION"
Zahk,INDIVIDUAL,,https://content.optimism.io/rpgf3Application/v0/metadata/10/0xC744785D6cCAa01805a6995136Eb24f84a088Dcb.json,,COLLECTIVE_GOVERNANCE
JamesCamsHouse,INDIVIDUAL,,https://content.optimism.io/rpgf3Application/v0/metadata/10/0x72365e20475Ca0Ac6423F71b5Da97dbEB8Bb6c20.json,,END_USER_EXPERIENCE_AND_ADOPTION
OpLion,INDIVIDUAL,,https://content.optimism.io/rpgf3Application/v0/metadata/10/0xd3814dc9CE28F8388e6254aA48429a8f9BC08b95.json,,END_USER_EXPERIENCE_AND_ADOPTION
thanh,INDIVIDUAL,,https://content.optimism.io/rpgf3Application/v0/metadata/10/0x33Ff3C111DE5F4b89Cd4bdCc0ed99c46Ca1e9541.json,,END_USER_EXPERIENCE_AND_ADOPTION
Harishchauhan911,INDIVIDUAL,,https://content.optimism.io/rpgf3Application/v0/metadata/10/0x2354A17dA6D086AC1f550c79A84aD9B152E893c2.json,,"COLLECTIVE_GOVERNANCE, DEVELOPER_ECOSYSTEM, END_USER_EXPERIENCE_AND_ADOPTION, OP_STACK"
888Vigilantes,INDIVIDUAL,,https://content.optimism.io/rpgf3Application/v0/metadata/10/0xE240CaE95866BEE29a0d94B2030096B6Fe0446E0.json,,"COLLECTIVE_GOVERNANCE, DEVELOPER_ECOSYSTEM, END_USER_EXPERIENCE_AND_ADOPTION, OP_STACK"
Rainie,INDIVIDUAL,,https://content.optimism.io/rpgf3Application/v0/metadata/10/0x98289029B0d4bB73Ead9Eb1A3300eD724Fcf6779.json,,END_USER_EXPERIENCE_AND_ADOPTION
grafixart,INDIVIDUAL,,https://content.optimism.io/rpgf3Application/v0/metadata/10/0xea2691d4a38948Ef0CE42e0c1a326B21B9eE5939.json,,"COLLECTIVE_GOVERNANCE, DEVELOPER_ECOSYSTEM, END_USER_EXPERIENCE_AND_ADOPTION, OP_STACK"
Coinlord,INDIVIDUAL,,https://content.optimism.io/rpgf3Application/v0/metadata/10/0xCF8BE0c141fB112eAF8fcC9b8406CBEdbC6F296D.json,,"COLLECTIVE_GOVERNANCE, DEVELOPER_ECOSYSTEM, END_USER_EXPERIENCE_AND_ADOPTION"
yiyi,INDIVIDUAL,,https://content.optimism.io/rpgf3Application/v0/metadata/10/0x43f708c3f68B5fE2Fe5cf38844b56613c71fc544.json,,"COLLECTIVE_GOVERNANCE, END_USER_EXPERIENCE_AND_ADOPTION"
minh_i_guess,INDIVIDUAL,,https://content.optimism.io/rpgf3Application/v0/metadata/10/0x47fac95efEF39c7cE44E9870cede1894666dF166.json,,END_USER_EXPERIENCE_AND_ADOPTION
Constantin,INDIVIDUAL,,https://content.optimism.io/rpgf3Application/v0/metadata/10/0xf96040c42b7FdaD04402eD39579b7763A7159a49.json,,"COLLECTIVE_GOVERNANCE, DEVELOPER_ECOSYSTEM, END_USER_EXPERIENCE_AND_ADOPTION"
Rishi,INDIVIDUAL,,https://content.optimism.io/rpgf3Application/v0/metadata/10/0x70D5808d656A505A66E77C6e7178E44a305f0f8E.json,,"COLLECTIVE_GOVERNANCE, END_USER_EXPERIENCE_AND_ADOPTION"
zerokn0wledge,INDIVIDUAL,,https://content.optimism.io/rpgf3Application/v0/metadata/10/0xCb31f0beCfc9D011676E7F84CbCD10fe4717f252.json,,"DEVELOPER_ECOSYSTEM, END_USER_EXPERIENCE_AND_ADOPTION"
bal,INDIVIDUAL,,https://content.optimism.io/rpgf3Application/v0/metadata/10/0x1FE95940c8a44aD3a27720A94c1ecC4c33e9480F.json,,OP_STACK
YUDHISTIRA WIJAYA,INDIVIDUAL,,https://content.optimism.io/rpgf3Application/v0/metadata/10/0x6424eF8136a0cd64E95d953D3B40e058F1278f90.json,,OP_STACK
Urusto,INDIVIDUAL,,https://content.optimism.io/rpgf3Application/v0/metadata/10/0xA527e8209E784a2DAC1c1c0C157B185711A06E4B.json,,OP_STACK
DracheTech11,INDIVIDUAL,,https://content.optimism.io/rpgf3Application/v0/metadata/10/0x4c7e3daA6771f1085A726b3C07a0BBAb607Fe625.json,,END_USER_EXPERIENCE_AND_ADOPTION
Stanton,INDIVIDUAL,,https://content.optimism.io/rpgf3Application/v0/metadata/10/0xBC72198d65075Fdad2CA7B8db79EfF5B51c8B30D.json,,END_USER_EXPERIENCE_AND_ADOPTION
dragdrasel,INDIVIDUAL,,https://content.optimism.io/rpgf3Application/v0/metadata/10/0x3A18da831eBd8860e81130D25342DB3481eE06c1.json,,"COLLECTIVE_GOVERNANCE, DEVELOPER_ECOSYSTEM, END_USER_EXPERIENCE_AND_ADOPTION, OP_STACK"
a3mirabi,INDIVIDUAL,,https://content.optimism.io/rpgf3Application/v0/metadata/10/0x36e6b91707B913E1304ca405E9cf96d440A67755.json,,COLLECTIVE_GOVERNANCE
Vertual,INDIVIDUAL,,https://content.optimism.io/rpgf3Application/v0/metadata/10/0x85BD6874CE656b3ab058DF04d1b64f30b15d350d.json,,"DEVELOPER_ECOSYSTEM, END_USER_EXPERIENCE_AND_ADOPTION"
Nguy·ªÖn ƒê·ª©c Vi·ªát,INDIVIDUAL,,https://content.optimism.io/rpgf3Application/v0/metadata/10/0xCa1A6e5fE34293775fE0dD109d74539b567eEc34.json,,"COLLECTIVE_GOVERNANCE, DEVELOPER_ECOSYSTEM, END_USER_EXPERIENCE_AND_ADOPTION, OP_STACK"
OP News,INDIVIDUAL,,https://content.optimism.io/rpgf3Application/v0/metadata/10/0xEB40A065854bd90126A4E697aeA0976BA51b2eE7.json,,END_USER_EXPERIENCE_AND_ADOPTION
schlienger damien,INDIVIDUAL,,https://content.optimism.io/rpgf3Application/v0/metadata/10/0x807338C1EE3c87A19eEbf5351341A2638dc167c5.json,,"DEVELOPER_ECOSYSTEM, END_USER_EXPERIENCE_AND_ADOPTION"
Satonaku,INDIVIDUAL,,https://content.optimism.io/rpgf3Application/v0/metadata/10/0x1810bb2Face5711D20F0C5DA104415B96adad122.json,,"COLLECTIVE_GOVERNANCE, DEVELOPER_ECOSYSTEM, END_USER_EXPERIENCE_AND_ADOPTION, OP_STACK"
Luisvi,INDIVIDUAL,,https://content.optimism.io/rpgf3Application/v0/metadata/10/0x66ec901E8eD387d48535C953F79fF6e7cCCDCC53.json,,"COLLECTIVE_GOVERNANCE, DEVELOPER_ECOSYSTEM, END_USER_EXPERIENCE_AND_ADOPTION, OP_STACK"
Rafael,INDIVIDUAL,,https://content.optimism.io/rpgf3Application/v0/metadata/10/0x0ca34B96F8c33fF40dCB463a6e976697B6ff7010.json,,END_USER_EXPERIENCE_AND_ADOPTION
Mamsky86,INDIVIDUAL,,https://content.optimism.io/rpgf3Application/v0/metadata/10/0x3c28CAEF950AE11973A007440929d0689d8eaD8D.json,,OP_STACK
NingNing,INDIVIDUAL,,https://content.optimism.io/rpgf3Application/v0/metadata/10/0x99B10bed6b630a1d60109b28dd2373696A79917C.json,,END_USER_EXPERIENCE_AND_ADOPTION
Nangkos88,INDIVIDUAL,,https://content.optimism.io/rpgf3Application/v0/metadata/10/0x9C4e57db42c9d8C5Ef233c74FB37bABA630b88d3.json,,END_USER_EXPERIENCE_AND_ADOPTION
ajrony,INDIVIDUAL,,https://content.optimism.io/rpgf3Application/v0/metadata/10/0x383b0ddAA84E9488600a59d965e1BEA37719F806.json,,"COLLECTIVE_GOVERNANCE, END_USER_EXPERIENCE_AND_ADOPTION"
Pedro,INDIVIDUAL,,https://content.optimism.io/rpgf3Application/v0/metadata/10/0xde1d5263195e5fEbF250a95B75f74C9A812208D1.json,,"COLLECTIVE_GOVERNANCE, DEVELOPER_ECOSYSTEM, END_USER_EXPERIENCE_AND_ADOPTION, OP_STACK"
thebank,INDIVIDUAL,,https://content.optimism.io/rpgf3Application/v0/metadata/10/0x0bF1fEe0f3DBb4031e4C12E2985df93F267D53AB.json,,COLLECTIVE_GOVERNANCE
0xuknw,INDIVIDUAL,,https://content.optimism.io/rpgf3Application/v0/metadata/10/0x0Bc0A524ECd730be22A5d8f697efeC818FDE0E65.json,,"COLLECTIVE_GOVERNANCE, DEVELOPER_ECOSYSTEM, END_USER_EXPERIENCE_AND_ADOPTION, OP_STACK"
coreleo,INDIVIDUAL,,https://content.optimism.io/rpgf3Application/v0/metadata/10/0x376bE65e21fd6F1599e6E04BD4C0c421A3Ab3921.json,,END_USER_EXPERIENCE_AND_ADOPTION
Malzz,INDIVIDUAL,,https://content.optimism.io/rpgf3Application/v0/metadata/10/0x1Fe38ABa75d5Eb1a9B4BeF00613ad225d8092D18.json,,COLLECTIVE_GOVERNANCE
En Crypted,INDIVIDUAL,,https://content.optimism.io/rpgf3Application/v0/metadata/10/0xD6cb436B1634d9c4DEe2D6967b8A6aDABC2f89Ac.json,,"DEVELOPER_ECOSYSTEM, END_USER_EXPERIENCE_AND_ADOPTION, OP_STACK"
Moonverse,INDIVIDUAL,,https://content.optimism.io/rpgf3Application/v0/metadata/10/0x5Bce25397eEfbc76f6479e6838c00a5115dbEA4c.json,,END_USER_EXPERIENCE_AND_ADOPTION
nikoskoukos,INDIVIDUAL,,https://content.optimism.io/rpgf3Application/v0/metadata/10/0xe53113cc7A30154FFc5Cb9B3004817dD1de9A515.json,,"COLLECTIVE_GOVERNANCE, DEVELOPER_ECOSYSTEM, END_USER_EXPERIENCE_AND_ADOPTION, OP_STACK"
l3erry,INDIVIDUAL,,https://content.optimism.io/rpgf3Application/v0/metadata/10/0x96f5771eecAA02314bbb98C5F301ceCEFDfe111f.json,,END_USER_EXPERIENCE_AND_ADOPTION
Farzad,INDIVIDUAL,,https://content.optimism.io/rpgf3Application/v0/metadata/10/0xAd33D7e203441180E5CF5b98B8DE1c00e9Cd07a8.json,,COLLECTIVE_GOVERNANCE
Tonyxb,INDIVIDUAL,,https://content.optimism.io/rpgf3Application/v0/metadata/10/0xB4244A468c035EB3fB42D4aA93040c4Bf1Bcc7b5.json,,"COLLECTIVE_GOVERNANCE, DEVELOPER_ECOSYSTEM, END_USER_EXPERIENCE_AND_ADOPTION, OP_STACK"
Mike,INDIVIDUAL,,https://content.optimism.io/rpgf3Application/v0/metadata/10/0x6b31B3487eBC37e4c6c730cD1E1f9b45afEF5D0F.json,,"COLLECTIVE_GOVERNANCE, DEVELOPER_ECOSYSTEM, END_USER_EXPERIENCE_AND_ADOPTION, OP_STACK"
Thesleeper.eth Thai OP Educator,INDIVIDUAL,,https://content.optimism.io/rpgf3Application/v0/metadata/10/0x00409fC839a2Ec2e6d12305423d37Cd011279C09.json,,"COLLECTIVE_GOVERNANCE, END_USER_EXPERIENCE_AND_ADOPTION, OP_STACK"
CryptoMage,INDIVIDUAL,,https://content.optimism.io/rpgf3Application/v0/metadata/10/0x1609f039A96ce10756f5C6D403a80400DC081a02.json,,"END_USER_EXPERIENCE_AND_ADOPTION, OP_STACK"
Zero,INDIVIDUAL,,https://content.optimism.io/rpgf3Application/v0/metadata/10/0x7B5E58994020Fc30836D8506bcD8739385fb5f38.json,,END_USER_EXPERIENCE_AND_ADOPTION
MaitreSarce,INDIVIDUAL,,https://content.optimism.io/rpgf3Application/v0/metadata/10/0x45C3707c25eCe1e4705a5d708685f0a77Dc18cD1.json,,END_USER_EXPERIENCE_AND_ADOPTION
Muhammad Oki Rifai,INDIVIDUAL,,https://content.optimism.io/rpgf3Application/v0/metadata/10/0x54836b01Fa251B41Aa15b1Fad8Ec3B76Ac3a53ad.json,,"COLLECTIVE_GOVERNANCE, DEVELOPER_ECOSYSTEM, END_USER_EXPERIENCE_AND_ADOPTION, OP_STACK"
syd047379,INDIVIDUAL,,https://content.optimism.io/rpgf3Application/v0/metadata/10/0x7bfa88D2E83d910adAd4C6bc149e35DF864D9Df3.json,,END_USER_EXPERIENCE_AND_ADOPTION
EQSS,INDIVIDUAL,,https://content.optimism.io/rpgf3Application/v0/metadata/10/0xCBAE3416e965D138B000452048495D010A971840.json,,"COLLECTIVE_GOVERNANCE, END_USER_EXPERIENCE_AND_ADOPTION, OP_STACK"
vinit gohil,INDIVIDUAL,,https://content.optimism.io/rpgf3Application/v0/metadata/10/0xdc4C44943bFBC9f87D0f1FE11d69a4b814D3608c.json,,END_USER_EXPERIENCE_AND_ADOPTION
Nop99,INDIVIDUAL,,https://content.optimism.io/rpgf3Application/v0/metadata/10/0xD923dE646D3f0BB9Eb7f9169f259C79C3edE2188.json,,COLLECTIVE_GOVERNANCE
Collins,INDIVIDUAL,,https://content.optimism.io/rpgf3Application/v0/metadata/10/0xC643aE4336736989dbBF0D20B3641B2A32e77Bb1.json,,"COLLECTIVE_GOVERNANCE, END_USER_EXPERIENCE_AND_ADOPTION, OP_STACK"
Hyacinthe Gourmelen,INDIVIDUAL,,https://content.optimism.io/rpgf3Application/v0/metadata/10/0x5D05d05e8811865C32B0dD726939BeA795B975fF.json,,END_USER_EXPERIENCE_AND_ADOPTION
Artislamic,INDIVIDUAL,,https://content.optimism.io/rpgf3Application/v0/metadata/10/0x65EbaF17EbB138d926dd514664a6718c5cB9D07c.json,,DEVELOPER_ECOSYSTEM
‡∏û‡∏á‡∏®‡πå‡∏û‡∏¥‡∏ä‡∏≤,INDIVIDUAL,,https://content.optimism.io/rpgf3Application/v0/metadata/10/0x0eEc442c632f5DA69CAC03439cecd6Cc001f1a71.json,,END_USER_EXPERIENCE_AND_ADOPTION
jordanmmck,INDIVIDUAL,,https://content.optimism.io/rpgf3Application/v0/metadata/10/0x29FF795B015652EdFB9883bB83B3E9bE3c207e62.json,,"DEVELOPER_ECOSYSTEM, END_USER_EXPERIENCE_AND_ADOPTION"
c2ba,INDIVIDUAL,,https://content.optimism.io/rpgf3Application/v0/metadata/10/0x49a5492FDFe5AcC966dD5f41310dfDfe8dAA349C.json,,"DEVELOPER_ECOSYSTEM, END_USER_EXPERIENCE_AND_ADOPTION"
budi ganteng,INDIVIDUAL,,https://content.optimism.io/rpgf3Application/v0/metadata/10/0x88C599939983d1BE79A8645D6428388AD7d8C4e7.json,,"COLLECTIVE_GOVERNANCE, DEVELOPER_ECOSYSTEM, END_USER_EXPERIENCE_AND_ADOPTION, OP_STACK"
mukmin,INDIVIDUAL,,https://content.optimism.io/rpgf3Application/v0/metadata/10/0xF47027F3eDCb1F0b6861a25E6f3738E398440e11.json,,"COLLECTIVE_GOVERNANCE, DEVELOPER_ECOSYSTEM, END_USER_EXPERIENCE_AND_ADOPTION, OP_STACK"
Joe,INDIVIDUAL,,https://content.optimism.io/rpgf3Application/v0/metadata/10/0x097f53E27C122917f5fBDBFBD657b5B3E1040e86.json,,"COLLECTIVE_GOVERNANCE, DEVELOPER_ECOSYSTEM, END_USER_EXPERIENCE_AND_ADOPTION, OP_STACK"
starvibez,INDIVIDUAL,,https://content.optimism.io/rpgf3Application/v0/metadata/10/0x5D40451dC574997C61E16C30A5c0E3ada80B8E3B.json,,"COLLECTIVE_GOVERNANCE, END_USER_EXPERIENCE_AND_ADOPTION, OP_STACK"
kardhus,INDIVIDUAL,,https://content.optimism.io/rpgf3Application/v0/metadata/10/0x75b286d43D4F29783337d769C9F0047F4c0c73C7.json,,END_USER_EXPERIENCE_AND_ADOPTION
lu2,INDIVIDUAL,,https://content.optimism.io/rpgf3Application/v0/metadata/10/0x9Bfc25E552250ac2C00431D71C5f840B74e798fa.json,,"COLLECTIVE_GOVERNANCE, DEVELOPER_ECOSYSTEM, END_USER_EXPERIENCE_AND_ADOPTION, OP_STACK"
mootion,INDIVIDUAL,,https://content.optimism.io/rpgf3Application/v0/metadata/10/0xbD7DBd5AbEBB79F899c8D74a03855181F9BEAe37.json,,"COLLECTIVE_GOVERNANCE, OP_STACK"
Spring Zhang,INDIVIDUAL,,https://content.optimism.io/rpgf3Application/v0/metadata/10/0xdbE38D1d3631a04875d3FAd945D0dFcb2C20f91c.json,,END_USER_EXPERIENCE_AND_ADOPTION
MB100,INDIVIDUAL,,https://content.optimism.io/rpgf3Application/v0/metadata/10/0x22a8D39eF6B62B76A8Eb8F16116F57AC061a4c97.json,,"COLLECTIVE_GOVERNANCE, DEVELOPER_ECOSYSTEM, END_USER_EXPERIENCE_AND_ADOPTION, OP_STACK"
Roif,INDIVIDUAL,,https://content.optimism.io/rpgf3Application/v0/metadata/10/0xa87EC1DbBdbcD8b18902DCBC694A9ee58999c16f.json,,END_USER_EXPERIENCE_AND_ADOPTION
azeem,INDIVIDUAL,,https://content.optimism.io/rpgf3Application/v0/metadata/10/0x9600e2eE6377DAdad7299B120026661c336A5e6d.json,,OP_STACK
Xofee,INDIVIDUAL,,https://content.optimism.io/rpgf3Application/v0/metadata/10/0xFF141bFc450c57Ad84eBaFbD09ffa94A268a7aaE.json,,END_USER_EXPERIENCE_AND_ADOPTION
mygreenbucks,INDIVIDUAL,,https://content.optimism.io/rpgf3Application/v0/metadata/10/0xE393FB40b5C70F83eF20aB49c8f0ba2c6DB47827.json,,"COLLECTIVE_GOVERNANCE, END_USER_EXPERIENCE_AND_ADOPTION"
FFKQ,INDIVIDUAL,,https://content.optimism.io/rpgf3Application/v0/metadata/10/0xd5dA7E68050C41F96207C1D19392307A63B53810.json,,"COLLECTIVE_GOVERNANCE, END_USER_EXPERIENCE_AND_ADOPTION"
CoinRuay,INDIVIDUAL,,https://content.optimism.io/rpgf3Application/v0/metadata/10/0x054Becf10c79aFa4e60F75B187837bE9Fb83867D.json,,END_USER_EXPERIENCE_AND_ADOPTION
Thumbs Up,INDIVIDUAL,,https://content.optimism.io/rpgf3Application/v0/metadata/10/0x4d85e4F760fb58E380f02657AE5Aafb8bd010601.json,,"END_USER_EXPERIENCE_AND_ADOPTION, OP_STACK"
Organix,INDIVIDUAL,,https://content.optimism.io/rpgf3Application/v0/metadata/10/0x7d3335fE8189F655F466603327d00D6ABBF6C441.json,,"COLLECTIVE_GOVERNANCE, DEVELOPER_ECOSYSTEM, END_USER_EXPERIENCE_AND_ADOPTION, OP_STACK"
Tausif Ansari,INDIVIDUAL,,https://content.optimism.io/rpgf3Application/v0/metadata/10/0x74Ef9A0BE1CD0939aDa5694817349843A37A40AF.json,,"COLLECTIVE_GOVERNANCE, DEVELOPER_ECOSYSTEM, END_USER_EXPERIENCE_AND_ADOPTION, OP_STACK"
shisean,INDIVIDUAL,,https://content.optimism.io/rpgf3Application/v0/metadata/10/0x44207d32b2b7af723d6035c069bC49DBEec589FF.json,,"COLLECTIVE_GOVERNANCE, END_USER_EXPERIENCE_AND_ADOPTION"
sporapok,INDIVIDUAL,,https://content.optimism.io/rpgf3Application/v0/metadata/10/0x43075f64faF7D910bD4fc644c12F2fffBBb8c536.json,,"DEVELOPER_ECOSYSTEM, END_USER_EXPERIENCE_AND_ADOPTION"
Timur,INDIVIDUAL,,https://content.optimism.io/rpgf3Application/v0/metadata/10/0x9ef9c73d7D8239b93Fe48b35A6974292C2Ff1E1c.json,,"COLLECTIVE_GOVERNANCE, END_USER_EXPERIENCE_AND_ADOPTION"
Vitalik,INDIVIDUAL,,https://content.optimism.io/rpgf3Application/v0/metadata/10/0x9BB0301B970B182A273Ecb380027E4BE0Efd5553.json,,"COLLECTIVE_GOVERNANCE, DEVELOPER_ECOSYSTEM, END_USER_EXPERIENCE_AND_ADOPTION, OP_STACK"
Thuc,INDIVIDUAL,,https://content.optimism.io/rpgf3Application/v0/metadata/10/0xBBbae402FD1942f61F52eD238C2628e09e108ee0.json,,END_USER_EXPERIENCE_AND_ADOPTION
r72.fi,INDIVIDUAL,,https://content.optimism.io/rpgf3Application/v0/metadata/10/0x25030765Ba9c22D96094B7E67793A189259Ce38D.json,,"DEVELOPER_ECOSYSTEM, END_USER_EXPERIENCE_AND_ADOPTION"
Adi Permana,INDIVIDUAL,,https://content.optimism.io/rpgf3Application/v0/metadata/10/0xd98656735E2BA24aA705b41d026eA64069231E20.json,,"COLLECTIVE_GOVERNANCE, DEVELOPER_ECOSYSTEM, END_USER_EXPERIENCE_AND_ADOPTION, OP_STACK"
Chardkac,INDIVIDUAL,,https://content.optimism.io/rpgf3Application/v0/metadata/10/0xaDbc604e3d03e9a1Cc42Bc6Bd6055cAB15304dA2.json,,"END_USER_EXPERIENCE_AND_ADOPTION, OP_STACK"
sexynime,INDIVIDUAL,,https://content.optimism.io/rpgf3Application/v0/metadata/10/0xc65394747cCCFc5e5DED39da191Bc1C3f9FDB3a2.json,,"COLLECTIVE_GOVERNANCE, DEVELOPER_ECOSYSTEM, END_USER_EXPERIENCE_AND_ADOPTION, OP_STACK"
Antoine,INDIVIDUAL,,https://content.optimism.io/rpgf3Application/v0/metadata/10/0x8Bac937c3727B89F273dAbE81898227A0e3Afe6F.json,,COLLECTIVE_GOVERNANCE
Kosmo,INDIVIDUAL,,https://content.optimism.io/rpgf3Application/v0/metadata/10/0x170D992F289b750F8e064793FdCF5E1d250Aa551.json,,"COLLECTIVE_GOVERNANCE, DEVELOPER_ECOSYSTEM, END_USER_EXPERIENCE_AND_ADOPTION, OP_STACK"
Yasin Aktimur,INDIVIDUAL,,https://content.optimism.io/rpgf3Application/v0/metadata/10/0x8bD9cd843CD604c4b4484312DeD00985219f6F7C.json,,END_USER_EXPERIENCE_AND_ADOPTION
Kristoph Galland,INDIVIDUAL,,https://content.optimism.io/rpgf3Application/v0/metadata/10/0xb3397A6FeEdff2b9fCe9Ca1086CB1Bdd617c16Bf.json,,END_USER_EXPERIENCE_AND_ADOPTION
Dicky Galuh Kurniawan,INDIVIDUAL,,https://content.optimism.io/rpgf3Application/v0/metadata/10/0xe359A6feBe48E326efA7dBe7a36b31207F9bdA81.json,,END_USER_EXPERIENCE_AND_ADOPTION
Kaito/CoffeeTimes,INDIVIDUAL,,https://content.optimism.io/rpgf3Application/v0/metadata/10/0x7853Eabb6cFa980eBfD27e3F77e69590EA53c0b7.json,,END_USER_EXPERIENCE_AND_ADOPTION
Leo Pascoli,INDIVIDUAL,,https://content.optimism.io/rpgf3Application/v0/metadata/10/0xB279B279fc88d53390eC63B8c9c29c642d568491.json,,END_USER_EXPERIENCE_AND_ADOPTION
Adriano,INDIVIDUAL,,https://content.optimism.io/rpgf3Application/v0/metadata/10/0xf9AF17d897707aafE856b76a582cC1a25933F87F.json,,END_USER_EXPERIENCE_AND_ADOPTION
Cryptoproturk,INDIVIDUAL,,https://content.optimism.io/rpgf3Application/v0/metadata/10/0xd2d96a74DB5f320708C0eA6280884878779AA75a.json,,"COLLECTIVE_GOVERNANCE, DEVELOPER_ECOSYSTEM, END_USER_EXPERIENCE_AND_ADOPTION, OP_STACK"
Tuan Tran,INDIVIDUAL,,https://content.optimism.io/rpgf3Application/v0/metadata/10/0xc8Cf6B03C2Aa80de2579dF02aA3beD1e716E1680.json,,END_USER_EXPERIENCE_AND_ADOPTION
leslchas,INDIVIDUAL,,https://content.optimism.io/rpgf3Application/v0/metadata/10/0x50593C113fb168117a30823034E660A830FAefB4.json,,"COLLECTIVE_GOVERNANCE, DEVELOPER_ECOSYSTEM, END_USER_EXPERIENCE_AND_ADOPTION, OP_STACK"
light,INDIVIDUAL,,https://content.optimism.io/rpgf3Application/v0/metadata/10/0x34925b991dce4e9A94490C8882a37c3Dc3C6C631.json,,END_USER_EXPERIENCE_AND_ADOPTION
Archer,INDIVIDUAL,,https://content.optimism.io/rpgf3Application/v0/metadata/10/0x2Ea5E9E452F85f55Be47504153f25740A5f3D78A.json,,COLLECTIVE_GOVERNANCE
Gadgeteer (nanobro),INDIVIDUAL,,https://content.optimism.io/rpgf3Application/v0/metadata/10/0x22e2f326FE5A1d07E1214EB1C08346Fd816E8375.json,,"COLLECTIVE_GOVERNANCE, END_USER_EXPERIENCE_AND_ADOPTION"
Abdullah All Ranim,INDIVIDUAL,,https://content.optimism.io/rpgf3Application/v0/metadata/10/0x343d232420201Fe901E11feF638d74Cd5b148913.json,,"COLLECTIVE_GOVERNANCE, DEVELOPER_ECOSYSTEM, END_USER_EXPERIENCE_AND_ADOPTION, OP_STACK"
kolade,INDIVIDUAL,,https://content.optimism.io/rpgf3Application/v0/metadata/10/0xE48a68D70bbAfae32905c9023F1Ce13364d95681.json,,"END_USER_EXPERIENCE_AND_ADOPTION, OP_STACK"
Subli,INDIVIDUAL,,https://content.optimism.io/rpgf3Application/v0/metadata/10/0x018C8a81cb02cA1a327BaefD400f75f57ea57ba2.json,,END_USER_EXPERIENCE_AND_ADOPTION
Ethan666.eth,INDIVIDUAL,,https://content.optimism.io/rpgf3Application/v0/metadata/10/0x6a7415B36133C6C3957e4772B8009068e170C648.json,,END_USER_EXPERIENCE_AND_ADOPTION
Wizberry,INDIVIDUAL,,https://content.optimism.io/rpgf3Application/v0/metadata/10/0xb4df3154b7Aa88ece7C91679DfdD35C6491719D6.json,,"COLLECTIVE_GOVERNANCE, END_USER_EXPERIENCE_AND_ADOPTION, OP_STACK"
zkcyborg,INDIVIDUAL,,https://content.optimism.io/rpgf3Application/v0/metadata/10/0xD3802dcE7F7A54d59E7a64329d287624FF3F495a.json,,"DEVELOPER_ECOSYSTEM, END_USER_EXPERIENCE_AND_ADOPTION"
CryptoPanda,INDIVIDUAL,,https://content.optimism.io/rpgf3Application/v0/metadata/10/0xC3193E39F77c2Ed59045CfFfCDCACdDa72f29987.json,,COLLECTIVE_GOVERNANCE
Mrfti,INDIVIDUAL,,https://content.optimism.io/rpgf3Application/v0/metadata/10/0x3722a8b1E2674FbBA7081C84E39A5cE738B8159D.json,,"COLLECTIVE_GOVERNANCE, END_USER_EXPERIENCE_AND_ADOPTION"
SuperRisingSr,INDIVIDUAL,,https://content.optimism.io/rpgf3Application/v0/metadata/10/0x736574a681f6707dfC00C81C27c501b64c8126DA.json,,END_USER_EXPERIENCE_AND_ADOPTION
Crypto_0008,INDIVIDUAL,,https://content.optimism.io/rpgf3Application/v0/metadata/10/0x686878c03282b225d7331bf3Deafdf27Cd6a38F6.json,,END_USER_EXPERIENCE_AND_ADOPTION
sanzjago,INDIVIDUAL,,https://content.optimism.io/rpgf3Application/v0/metadata/10/0xdd3b797443287753014B128dee509fBd064d9A45.json,,END_USER_EXPERIENCE_AND_ADOPTION
selina,INDIVIDUAL,,https://content.optimism.io/rpgf3Application/v0/metadata/10/0x43f9c4C6592853fC6e87e4280f84ace6a344d8e7.json,,"COLLECTIVE_GOVERNANCE, END_USER_EXPERIENCE_AND_ADOPTION"
Mr.ran,INDIVIDUAL,,https://content.optimism.io/rpgf3Application/v0/metadata/10/0x1274c6Be78F56BAbde0E546f3bb09e87eb4A0e9a.json,,"COLLECTIVE_GOVERNANCE, OP_STACK"
Quammy,INDIVIDUAL,,https://content.optimism.io/rpgf3Application/v0/metadata/10/0x39b2e6047effa044848B03246AC9c6D2bC7b0deE.json,,OP_STACK
Brian Kim,INDIVIDUAL,,https://content.optimism.io/rpgf3Application/v0/metadata/10/0xa35156ca4294c13fe256B10091F3D6595E3Bf7d7.json,,END_USER_EXPERIENCE_AND_ADOPTION
Alex,INDIVIDUAL,,https://content.optimism.io/rpgf3Application/v0/metadata/10/0x5785523D831e155E38e5b94512E62E594e30D97a.json,,END_USER_EXPERIENCE_AND_ADOPTION
Niklaus,INDIVIDUAL,,https://content.optimism.io/rpgf3Application/v0/metadata/10/0x1F452Ea54d4d934AfAdc300C61ca0A3B1bbDE958.json,,"COLLECTIVE_GOVERNANCE, END_USER_EXPERIENCE_AND_ADOPTION, OP_STACK"
Kishan patel,INDIVIDUAL,,https://content.optimism.io/rpgf3Application/v0/metadata/10/0x75232B3a9A500748356fB605297862Bb9cbdd53d.json,,"COLLECTIVE_GOVERNANCE, DEVELOPER_ECOSYSTEM, END_USER_EXPERIENCE_AND_ADOPTION, OP_STACK"
Ephraim,INDIVIDUAL,,https://content.optimism.io/rpgf3Application/v0/metadata/10/0x6FC27bd5101eB608E75fa3Aa304577E1D5aedA91.json,,"COLLECTIVE_GOVERNANCE, END_USER_EXPERIENCE_AND_ADOPTION"
NOTYOURGALLERY,INDIVIDUAL,,https://content.optimism.io/rpgf3Application/v0/metadata/10/0xea2D97CE7c18Cf20613ed8eeE4d0f1A8b4493368.json,,"COLLECTIVE_GOVERNANCE, DEVELOPER_ECOSYSTEM, END_USER_EXPERIENCE_AND_ADOPTION, OP_STACK"
alavudeen,INDIVIDUAL,,https://content.optimism.io/rpgf3Application/v0/metadata/10/0x057f5122a1Ad2B9280ABF92528958ABCA0a7D849.json,,COLLECTIVE_GOVERNANCE
soni866,INDIVIDUAL,,https://content.optimism.io/rpgf3Application/v0/metadata/10/0x19E6389E1D17D6eDBFfbd89c6DA0742D04B3256B.json,,OP_STACK
Gideon,INDIVIDUAL,,https://content.optimism.io/rpgf3Application/v0/metadata/10/0xE8849eDCE331e1cC29d8905294D8567f06EDE0fe.json,,"DEVELOPER_ECOSYSTEM, END_USER_EXPERIENCE_AND_ADOPTION"
Manojboi,INDIVIDUAL,,https://content.optimism.io/rpgf3Application/v0/metadata/10/0x6deBF7Bc0EEdd7c51A9334d7f1E01c84678e3Ae7.json,,"COLLECTIVE_GOVERNANCE, DEVELOPER_ECOSYSTEM, END_USER_EXPERIENCE_AND_ADOPTION, OP_STACK"
Obito,INDIVIDUAL,,https://content.optimism.io/rpgf3Application/v0/metadata/10/0xa02d34e0f2235661F4b46b8A7BEDB42c4cce104b.json,,"COLLECTIVE_GOVERNANCE, END_USER_EXPERIENCE_AND_ADOPTION"
iamgalba,INDIVIDUAL,,https://content.optimism.io/rpgf3Application/v0/metadata/10/0x05B938467c7009733719c48410D6Fd939A320271.json,,END_USER_EXPERIENCE_AND_ADOPTION
Andrew Hong (ilemi),INDIVIDUAL,,https://content.optimism.io/rpgf3Application/v0/metadata/10/0x2Ae8c972fB2E6c00ddED8986E2dc672ED190DA06.json,,DEVELOPER_ECOSYSTEM
Malik,INDIVIDUAL,,https://content.optimism.io/rpgf3Application/v0/metadata/10/0xDffb0C8579DB5A49255D92bA53fA27b6afAEcC84.json,,END_USER_EXPERIENCE_AND_ADOPTION
Queenny,INDIVIDUAL,,https://content.optimism.io/rpgf3Application/v0/metadata/10/0x8160684b00f59B8d2049C23c71bF42d6ea533c3c.json,,"COLLECTIVE_GOVERNANCE, END_USER_EXPERIENCE_AND_ADOPTION, OP_STACK"
Reno,INDIVIDUAL,,https://content.optimism.io/rpgf3Application/v0/metadata/10/0xaB5309888C39646bb222a70E0Bc1C69e3326Ee77.json,,"COLLECTIVE_GOVERNANCE, DEVELOPER_ECOSYSTEM, END_USER_EXPERIENCE_AND_ADOPTION, OP_STACK"
FireBoy,INDIVIDUAL,,https://content.optimism.io/rpgf3Application/v0/metadata/10/0x4CE268F49EF0726d602a8b0f22FcC543aa23bb51.json,,"COLLECTIVE_GOVERNANCE, DEVELOPER_ECOSYSTEM, END_USER_EXPERIENCE_AND_ADOPTION, OP_STACK"
Zakaria yahiaoui,INDIVIDUAL,,https://content.optimism.io/rpgf3Application/v0/metadata/10/0xFaaBdFEcC4CEB7c069357558d503465177DBB8A1.json,,"DEVELOPER_ECOSYSTEM, END_USER_EXPERIENCE_AND_ADOPTION"
https://twitter.com/insiderr22,INDIVIDUAL,,https://content.optimism.io/rpgf3Application/v0/metadata/10/0x730CA23bcd88802Da1E19766DB0A98E005D8Fda1.json,,"COLLECTIVE_GOVERNANCE, END_USER_EXPERIENCE_AND_ADOPTION"
Lexim,INDIVIDUAL,,https://content.optimism.io/rpgf3Application/v0/metadata/10/0xb8C39D4DaBb7ED12b3b12847A958614EA78353CD.json,,"COLLECTIVE_GOVERNANCE, END_USER_EXPERIENCE_AND_ADOPTION"
ilyessghz,INDIVIDUAL,,https://content.optimism.io/rpgf3Application/v0/metadata/10/0xB135D40581404474Beca15Ba408E2E67A178b4cd.json,,COLLECTIVE_GOVERNANCE
Natalie,INDIVIDUAL,,https://content.optimism.io/rpgf3Application/v0/metadata/10/0x5f0C93B26413084099ac7fEf84E1B2D101104172.json,,END_USER_EXPERIENCE_AND_ADOPTION
Comzvy,INDIVIDUAL,,https://content.optimism.io/rpgf3Application/v0/metadata/10/0x4e846E2aB6A8e2565EA073A5ee9839FcbFd927D1.json,,END_USER_EXPERIENCE_AND_ADOPTION
Soyduende,PROJECT,,https://content.optimism.io/rpgf3Application/v0/metadata/10/0x5ab75f5e8b00E54671EaB7F1A4F483FB52FC2D4E.json,,"COLLECTIVE_GOVERNANCE, END_USER_EXPERIENCE_AND_ADOPTION, OP_STACK"
Hisoka,PROJECT,,https://content.optimism.io/rpgf3Application/v0/metadata/10/0x6FC7e76309CfAD199FeffF7177f8b5E5b869B98B.json,,"COLLECTIVE_GOVERNANCE, END_USER_EXPERIENCE_AND_ADOPTION"
Webacy,PROJECT,,https://content.optimism.io/rpgf3Application/v0/metadata/10/0xEc10Ac0784B5DE2Fad69332e5a90B46eebba70aF.json,,END_USER_EXPERIENCE_AND_ADOPTION
Asian crypto,PROJECT,,https://content.optimism.io/rpgf3Application/v0/metadata/10/0xD00Dbbe03D11144177C609682b66073f62da9f89.json,,"COLLECTIVE_GOVERNANCE, OP_STACK"
Kyle Rojas,PROJECT,,https://content.optimism.io/rpgf3Application/v0/metadata/10/0x9e8B73b5563c9aF1C35e5Aad588B67B6A414576b.json,,"DEVELOPER_ECOSYSTEM, END_USER_EXPERIENCE_AND_ADOPTION, OP_STACK"
taromusu,PROJECT,,https://content.optimism.io/rpgf3Application/v0/metadata/10/0x8F2c951926C62fE0E5382c3d5f79aFc81C559829.json,,"COLLECTIVE_GOVERNANCE, DEVELOPER_ECOSYSTEM, END_USER_EXPERIENCE_AND_ADOPTION, OP_STACK"
Inbest Program,PROJECT,,https://content.optimism.io/rpgf3Application/v0/metadata/10/0x0263E43c0dE253a0fe354b60d35D2855c514a887.json,,"COLLECTIVE_GOVERNANCE, END_USER_EXPERIENCE_AND_ADOPTION"
krajekis,PROJECT,,https://content.optimism.io/rpgf3Application/v0/metadata/10/0xF82EF19932F5297655EF69774dE2a2AbadefDe9d.json,,END_USER_EXPERIENCE_AND_ADOPTION
Benjels,PROJECT,,https://content.optimism.io/rpgf3Application/v0/metadata/10/0xdF5D63B80D939Dedeb9C84B45B1D14A17c97802D.json,,END_USER_EXPERIENCE_AND_ADOPTION
Resad,PROJECT,,https://content.optimism.io/rpgf3Application/v0/metadata/10/0xB2c851ED3f04851C9DBeC4ADC1465C1352a153c4.json,,"COLLECTIVE_GOVERNANCE, DEVELOPER_ECOSYSTEM, END_USER_EXPERIENCE_AND_ADOPTION, OP_STACK"
Andino - Talent in technology,PROJECT,,https://content.optimism.io/rpgf3Application/v0/metadata/10/0x363cDaA139E1Fc64d308aa2129852745676bA680.json,,"DEVELOPER_ECOSYSTEM, END_USER_EXPERIENCE_AND_ADOPTION"
Fugu Works,PROJECT,,https://content.optimism.io/rpgf3Application/v0/metadata/10/0xd3cedfC7b4cd9b5aa63AAFcD0287C85fBFc188aB.json,,END_USER_EXPERIENCE_AND_ADOPTION
Patrick Workman,PROJECT,,https://content.optimism.io/rpgf3Application/v0/metadata/10/0x5dC70A9b884f78Ee030a8c6ad3b3b7dc10Bbe7f4.json,,END_USER_EXPERIENCE_AND_ADOPTION
Cryptoast,PROJECT,,https://content.optimism.io/rpgf3Application/v0/metadata/10/0x543Dea2479Bb8527C71bf4E52802B017212589e6.json,,END_USER_EXPERIENCE_AND_ADOPTION
Vegetaüéßüé•üèÅ,PROJECT,,https://content.optimism.io/rpgf3Application/v0/metadata/10/0x7A6896532E19d6417587da889B1b9F994c754d97.json,,"COLLECTIVE_GOVERNANCE, END_USER_EXPERIENCE_AND_ADOPTION"
Copin.io,PROJECT,,https://content.optimism.io/rpgf3Application/v0/metadata/10/0x1A561e43f264952D7b4F25Fb4967122c87618Beb.json,,END_USER_EXPERIENCE_AND_ADOPTION
Andrii,PROJECT,,https://content.optimism.io/rpgf3Application/v0/metadata/10/0xEB496550A39D37D00DE91EFeBeCCeCba0FeC43Ec.json,,END_USER_EXPERIENCE_AND_ADOPTION
Synth,PROJECT,,https://content.optimism.io/rpgf3Application/v0/metadata/10/0x84D36eA4044161232803c216BF1D103469713943.json,,"COLLECTIVE_GOVERNANCE, DEVELOPER_ECOSYSTEM, END_USER_EXPERIENCE_AND_ADOPTION, OP_STACK"
GRAY,PROJECT,,https://content.optimism.io/rpgf3Application/v0/metadata/10/0x3207446dD7fDefa5Dd9F66e89F0F49070afc5731.json,,"COLLECTIVE_GOVERNANCE, DEVELOPER_ECOSYSTEM, END_USER_EXPERIENCE_AND_ADOPTION, OP_STACK"
XOXO,PROJECT,,https://content.optimism.io/rpgf3Application/v0/metadata/10/0x1eF889562C00Fc984Cf9A5903C98fa11761142E9.json,,END_USER_EXPERIENCE_AND_ADOPTION
THIS IS A TEST - PLS DELETE,PROJECT,,https://content.optimism.io/rpgf3Application/v0/metadata/10/0x3977492b0d15488A57aD4c5bd2ECDe7e2572d7FE.json,,"COLLECTIVE_GOVERNANCE, OP_STACK"
Kaushik8627,PROJECT,,https://content.optimism.io/rpgf3Application/v0/metadata/10/0xF7942c3F2847958B2F4f1cA561D45a3546E6C957.json,,OP_STACK
very cool,PROJECT,,https://content.optimism.io/rpgf3Application/v0/metadata/10/0x3977492b0d15488A57aD4c5bd2ECDe7e2572d7FE.json,,"COLLECTIVE_GOVERNANCE, OP_STACK"
Hisoka,PROJECT,,https://content.optimism.io/rpgf3Application/v0/metadata/10/0x6FC7e76309CfAD199FeffF7177f8b5E5b869B98B.json,,"COLLECTIVE_GOVERNANCE, END_USER_EXPERIENCE_AND_ADOPTION"
Digital Estates,PROJECT,,https://content.optimism.io/rpgf3Application/v0/metadata/10/0xBb13C0560C8A8354E6A914f1f2b873CEfE0dF9F7.json,,END_USER_EXPERIENCE_AND_ADOPTION
respati,PROJECT,,https://content.optimism.io/rpgf3Application/v0/metadata/10/0x2145ac607A1b97D28BE117D06474B003deC986b4.json,,"COLLECTIVE_GOVERNANCE, DEVELOPER_ECOSYSTEM, END_USER_EXPERIENCE_AND_ADOPTION, OP_STACK"
mcdao,PROJECT,,https://content.optimism.io/rpgf3Application/v0/metadata/10/0xd35C826BF2bEd9a6a448A184026199B500D60514.json,,END_USER_EXPERIENCE_AND_ADOPTION
Alpha Insiders,PROJECT,,https://content.optimism.io/rpgf3Application/v0/metadata/10/0x3D1846ea60001A3Bc21438d76f3958422fe89adB.json,,"COLLECTIVE_GOVERNANCE, END_USER_EXPERIENCE_AND_ADOPTION"
ReFi Medell√≠n,PROJECT,,https://content.optimism.io/rpgf3Application/v0/metadata/10/0x302E2A0D4291ac14Aa1160504cA45A0A1F2E7a5c.json,,END_USER_EXPERIENCE_AND_ADOPTION
CHING HAO CHEN,PROJECT,,https://content.optimism.io/rpgf3Application/v0/metadata/10/0x604B516Cd0Fee16f1E6552275eA3C7AA00C9a174.json,,"COLLECTIVE_GOVERNANCE, DEVELOPER_ECOSYSTEM, END_USER_EXPERIENCE_AND_ADOPTION, OP_STACK"
Cryptodevs,PROJECT,,https://content.optimism.io/rpgf3Application/v0/metadata/10/0x133722ed7899f578Ba7aBAE2259898b18a3252c7.json,,DEVELOPER_ECOSYSTEM
nht23,PROJECT,,https://content.optimism.io/rpgf3Application/v0/metadata/10/0xe6C96653847653102471Cd84135dEc131B2622f3.json,,OP_STACK
Defigourmet,PROJECT,,https://content.optimism.io/rpgf3Application/v0/metadata/10/0xe08d3d0334aB089DAaF0C620989959Ba5d4aA04C.json,,END_USER_EXPERIENCE_AND_ADOPTION
mik0007,PROJECT,,https://content.optimism.io/rpgf3Application/v0/metadata/10/0x616b8248a78Ba31c04f769242060d0D16913c04D.json,,OP_STACK
Vtcking,PROJECT,,https://content.optimism.io/rpgf3Application/v0/metadata/10/0x1014d57aDa2F05b967578Beb253e28Fa31172C39.json,,"COLLECTIVE_GOVERNANCE, END_USER_EXPERIENCE_AND_ADOPTION, OP_STACK"
Lemon,PROJECT,,https://content.optimism.io/rpgf3Application/v0/metadata/10/0x6fd96a881b72CAD783B0741309B57Cb7d0Bde18a.json,,END_USER_EXPERIENCE_AND_ADOPTION
Token Engineering Commons,PROJECT,,https://content.optimism.io/rpgf3Application/v0/metadata/10/0xfc1436EAb5943F90A4cae9fd1aD6ba66408cDe9B.json,,"DEVELOPER_ECOSYSTEM, OP_STACK"
The Open X Project,PROJECT,,https://content.optimism.io/rpgf3Application/v0/metadata/10/0xb4a16728A270c0A9d57521926FBfb52dA28fb28D.json,,END_USER_EXPERIENCE_AND_ADOPTION
vmhmmo2020,PROJECT,,https://content.optimism.io/rpgf3Application/v0/metadata/10/0x0755A2c4C1808Ca14CC2928d0D727b16a1C467Bd.json,,END_USER_EXPERIENCE_AND_ADOPTION
bury,PROJECT,,https://content.optimism.io/rpgf3Application/v0/metadata/10/0x457A223A59de9F7311c5d9af84bF81eF55C87735.json,,OP_STACK
Pawan Kumar,PROJECT,,https://content.optimism.io/rpgf3Application/v0/metadata/10/0xF48D9d349106cf2A0880CE45ec1512EcAa4e10AF.json,,"COLLECTIVE_GOVERNANCE, DEVELOPER_ECOSYSTEM, END_USER_EXPERIENCE_AND_ADOPTION, OP_STACK"
singhpw,PROJECT,,https://content.optimism.io/rpgf3Application/v0/metadata/10/0x0281d04EaAd146FB4101E5B38ee06e0ad829AE25.json,,"COLLECTIVE_GOVERNANCE, DEVELOPER_ECOSYSTEM, END_USER_EXPERIENCE_AND_ADOPTION, OP_STACK"
Psychotic Robots by Midjourney (AI),PROJECT,,https://content.optimism.io/rpgf3Application/v0/metadata/10/0xceA9F9e08954c2696058c327feDae2ac0Ec0DDae.json,,COLLECTIVE_GOVERNANCE
White Rabbit,PROJECT,,https://content.optimism.io/rpgf3Application/v0/metadata/10/0xB0abAEfc47e5b244638BFE474Fb15FC33e6A1d6A.json,,COLLECTIVE_GOVERNANCE
mehran @ castle,PROJECT,,https://content.optimism.io/rpgf3Application/v0/metadata/10/0x071D9fe61cE306AEF04b7889780f889f444D7BF7.json,,END_USER_EXPERIENCE_AND_ADOPTION
DackieSwap,PROJECT,,https://content.optimism.io/rpgf3Application/v0/metadata/10/0xe1581C10EE235F0DEbb655EA365100bCBD84BAD2.json,,"DEVELOPER_ECOSYSTEM, END_USER_EXPERIENCE_AND_ADOPTION"
Mirror,PROJECT,,https://content.optimism.io/rpgf3Application/v0/metadata/10/0xe60aC07Be8bD7f7f33d446e1399c329928Ba8114.json,,END_USER_EXPERIENCE_AND_ADOPTION
Squirtle0x,PROJECT,,https://content.optimism.io/rpgf3Application/v0/metadata/10/0x4644A9Afe25B01405B9099c32FBf123F919d4838.json,,"DEVELOPER_ECOSYSTEM, END_USER_EXPERIENCE_AND_ADOPTION"
Encriptados,PROJECT,,https://content.optimism.io/rpgf3Application/v0/metadata/10/0x3a94e60a1a9d7A53765Ceb7dc73880BDB48eE4d0.json,,END_USER_EXPERIENCE_AND_ADOPTION
pinter88,PROJECT,,https://content.optimism.io/rpgf3Application/v0/metadata/10/0x07507Fcdeac79150A8C7981da8931cdDf549b5ca.json,,END_USER_EXPERIENCE_AND_ADOPTION
SparkBapq,PROJECT,,https://content.optimism.io/rpgf3Application/v0/metadata/10/0x57b6c42113ac1F17108debbD59734C7Bae6a4F43.json,,"COLLECTIVE_GOVERNANCE, DEVELOPER_ECOSYSTEM, END_USER_EXPERIENCE_AND_ADOPTION, OP_STACK"
Layer2News,PROJECT,,https://content.optimism.io/rpgf3Application/v0/metadata/10/0xdef45E63561DdED007fB7a406F3E5490CBB48eA6.json,,END_USER_EXPERIENCE_AND_ADOPTION
must479,PROJECT,,https://content.optimism.io/rpgf3Application/v0/metadata/10/0x2D815240A61731c75Fa01b2793E1D3eD09F289d0.json,,"COLLECTIVE_GOVERNANCE, DEVELOPER_ECOSYSTEM, END_USER_EXPERIENCE_AND_ADOPTION, OP_STACK"
eesee.io,PROJECT,,https://content.optimism.io/rpgf3Application/v0/metadata/10/0x4F4a595bdc00ACF85eFb90b1f2171d475F1a63B7.json,,END_USER_EXPERIENCE_AND_ADOPTION
reza,PROJECT,,https://content.optimism.io/rpgf3Application/v0/metadata/10/0x52a267Ad797be3ea4eB0B11DbF5fe535B761DA6E.json,,"COLLECTIVE_GOVERNANCE, DEVELOPER_ECOSYSTEM, END_USER_EXPERIENCE_AND_ADOPTION, OP_STACK"
egosys-records,PROJECT,,https://content.optimism.io/rpgf3Application/v0/metadata/10/0x39485bE2B0b994B7F7696984187c130041deD1B5.json,,"END_USER_EXPERIENCE_AND_ADOPTION, OP_STACK"
Shwandangle,PROJECT,,https://content.optimism.io/rpgf3Application/v0/metadata/10/0xf9C11707D1f5Fe2B7F4c82b2772543f2c4ef165A.json,,END_USER_EXPERIENCE_AND_ADOPTION
Billy.ETH,PROJECT,,https://content.optimism.io/rpgf3Application/v0/metadata/10/0x978A2E2D98ca029Ab0f7268Cb069528333D748C1.json,,COLLECTIVE_GOVERNANCE
RPGF Test,PROJECT,,https://content.optimism.io/rpgf3Application/v0/metadata/10/0x184b65d77975675b20846a25ddd9e31F9EF77891.json,,OP_STACK
Proofivy,PROJECT,,https://content.optimism.io/rpgf3Application/v0/metadata/10/0x38189D98110A395A1366F1c95875f81fD458a6C3.json,,END_USER_EXPERIENCE_AND_ADOPTION
Reaxper,PROJECT,,https://content.optimism.io/rpgf3Application/v0/metadata/10/0x052eadC0D585fa12607801610f4c18101F0C0ffC.json,,"COLLECTIVE_GOVERNANCE, DEVELOPER_ECOSYSTEM, END_USER_EXPERIENCE_AND_ADOPTION, OP_STACK"
ERC4337 Smart Accounts Dashboard,PROJECT,,https://content.optimism.io/rpgf3Application/v0/metadata/10/0x701E37643DADa13DE79e66A74E7d6187FC48faD2.json,,DEVELOPER_ECOSYSTEM
Ruslan,PROJECT,,https://content.optimism.io/rpgf3Application/v0/metadata/10/0xB06428aF321598ea54Cb34E14C9df3D3b09FE625.json,,END_USER_EXPERIENCE_AND_ADOPTION
Karbonio,PROJECT,,https://content.optimism.io/rpgf3Application/v0/metadata/10/0x99CB34E4291e16bc625B14332D45EdfB475aBb60.json,,"COLLECTIVE_GOVERNANCE, DEVELOPER_ECOSYSTEM, END_USER_EXPERIENCE_AND_ADOPTION, OP_STACK"
Web3bridge,PROJECT,,https://content.optimism.io/rpgf3Application/v0/metadata/10/0x067ca205aaF09A8B724Cadd2f70A38f9AF2d150A.json,,DEVELOPER_ECOSYSTEM
The VS–Å,PROJECT,,https://content.optimism.io/rpgf3Application/v0/metadata/10/0x70a4e7e0b399c6AB736B15d66410f7015a8C6663.json,,"COLLECTIVE_GOVERNANCE, END_USER_EXPERIENCE_AND_ADOPTION"
DeFi Declassified (OptiNauts NFT collection),PROJECT,,https://content.optimism.io/rpgf3Application/v0/metadata/10/0xF90f56AFa1DaE825Db57fc305B2F8F1Ccf337531.json,,END_USER_EXPERIENCE_AND_ADOPTION
TFSC chain,PROJECT,,https://content.optimism.io/rpgf3Application/v0/metadata/10/0xFA233cC0dccf4892E688Ff4118866244196565E8.json,,END_USER_EXPERIENCE_AND_ADOPTION
shandy1225,PROJECT,,https://content.optimism.io/rpgf3Application/v0/metadata/10/0x1b2d294ab6ca449e34F946B86540cd342cF49100.json,,"COLLECTIVE_GOVERNANCE, DEVELOPER_ECOSYSTEM, END_USER_EXPERIENCE_AND_ADOPTION, OP_STACK"
Public Nouns,PROJECT,,https://content.optimism.io/rpgf3Application/v0/metadata/10/0x56D579a23C2D37D1E42923858Ce33856dF0Ae5dB.json,,END_USER_EXPERIENCE_AND_ADOPTION
carpentier,PROJECT,,https://content.optimism.io/rpgf3Application/v0/metadata/10/0xdF8b970454FF568bEBa2526B2FBe455A75F84F64.json,,"COLLECTIVE_GOVERNANCE, DEVELOPER_ECOSYSTEM, END_USER_EXPERIENCE_AND_ADOPTION, OP_STACK"
amintoosad,PROJECT,,https://content.optimism.io/rpgf3Application/v0/metadata/10/0x443f33f63DE9094f7fCD6F39f1540FE4412641d5.json,,"COLLECTIVE_GOVERNANCE, DEVELOPER_ECOSYSTEM, END_USER_EXPERIENCE_AND_ADOPTION, OP_STACK"
Bankless Africa,PROJECT,,https://content.optimism.io/rpgf3Application/v0/metadata/10/0x74021a7599CF772275c6d5699Fb681bEeB0d7AA8.json,,END_USER_EXPERIENCE_AND_ADOPTION
Blocktrend (ÂçÄÂ°äÂã¢),PROJECT,,https://content.optimism.io/rpgf3Application/v0/metadata/10/0x36F322fC85B24aB13263CFE9217B28f8E2b38381.json,,END_USER_EXPERIENCE_AND_ADOPTION
The Opimist,PROJECT,,https://content.optimism.io/rpgf3Application/v0/metadata/10/0x03143EE031AA7bD7b6846750d066A27f18D39edd.json,,END_USER_EXPERIENCE_AND_ADOPTION
Bio.xyz,PROJECT,,https://content.optimism.io/rpgf3Application/v0/metadata/10/0xdF5D63B80D939Dedeb9C84B45B1D14A17c97802D.json,,END_USER_EXPERIENCE_AND_ADOPTION